Scenario,Group,Environment,Climate,Radius_km,Budget_m,Algorithm,n_agents,Kill_fraction,N_agents_killed,Steps_completed,Seed,Victims_pct,Area_km2,Coverage_ratio,Prob_covered_ratio,Overlap_ratio,Efficiency_ratio,Likelihood,Path_km,Elapsed_s
1,flat_temperate,flat,temperate,9.9,117612.0,Swarm_3D2P,5,0.0,0,3240,42,37.5,17.73,0.0431,0.3996,0.2043,0.7957,0.4039030075073242,583.8,44.6
1,flat_temperate,flat,temperate,9.9,117612.0,Greedy,5,0.0,0,15000,42,45.5,20.57,0.0,0.0,0.0,0.0,0.478887,588.06,5.9
1,flat_temperate,flat,temperate,9.9,117612.0,Pizza,5,0.0,0,15000,42,56.0,38.35,0.0,0.0,0.0,0.0,0.577095,588.06,0.7
1,flat_temperate,flat,temperate,9.9,117612.0,Swarm_3D2P,5,0.2,1,3244,42,36.5,16.58,0.0395,0.3888,0.1918,0.8082,0.39445099234580994,541.5,42.7
1,flat_temperate,flat,temperate,9.9,117612.0,Greedy,5,0.2,1,15000,42,36.5,20.19,0.0,0.0,0.0,0.0,0.450198,486.13,5.3
1,flat_temperate,flat,temperate,9.9,117612.0,Pizza,5,0.2,1,15000,42,47.5,31.74,0.0,0.0,0.0,0.0,0.472044,486.13,0.7
1,flat_temperate,flat,temperate,9.9,117612.0,Swarm_3D2P,5,0.4,2,3225,42,35.0,15.18,0.0356,0.3626,0.2029,0.7971,0.3691039979457855,509.13,41.9
1,flat_temperate,flat,temperate,9.9,117612.0,Greedy,5,0.4,2,15000,42,24.5,13.67,0.0,0.0,0.0,0.0,0.303215,384.2,5.2
1,flat_temperate,flat,temperate,9.9,117612.0,Pizza,5,0.4,2,15000,42,36.5,25.06,0.0,0.0,0.0,0.0,0.367913,384.2,0.7
1,flat_temperate,flat,temperate,9.9,117612.0,Swarm_3D2P,5,0.6,3,3225,42,33.0,13.8,0.0319,0.3432,0.2182,0.7818,0.34992700815200806,474.51,41.2
1,flat_temperate,flat,temperate,9.9,117612.0,Greedy,5,0.6,3,15000,42,32.5,13.41,0.0,0.0,0.0,0.0,0.356949,282.27,5.5
1,flat_temperate,flat,temperate,9.9,117612.0,Pizza,5,0.6,3,15000,42,28.0,18.39,0.0,0.0,0.0,0.0,0.307281,282.27,0.8
1,flat_temperate,flat,temperate,9.9,117612.0,Swarm_3D2P,5,0.0,0,3240,123,41.0,17.73,0.0431,0.3996,0.2043,0.7957,0.4039030075073242,583.8,46.4
1,flat_temperate,flat,temperate,9.9,117612.0,Greedy,5,0.0,0,15000,123,45.5,25.4,0.0,0.0,0.0,0.0,0.490554,588.06,5.2
1,flat_temperate,flat,temperate,9.9,117612.0,Pizza,5,0.0,0,15000,123,60.0,38.35,0.0,0.0,0.0,0.0,0.577095,588.06,0.8
1,flat_temperate,flat,temperate,9.9,117612.0,Swarm_3D2P,5,0.2,1,3244,123,40.5,16.58,0.0395,0.3888,0.1918,0.8082,0.39445099234580994,541.5,44.4
1,flat_temperate,flat,temperate,9.9,117612.0,Greedy,5,0.2,1,15000,123,41.5,23.19,0.0,0.0,0.0,0.0,0.438639,486.13,6.4
1,flat_temperate,flat,temperate,9.9,117612.0,Pizza,5,0.2,1,15000,123,47.5,31.74,0.0,0.0,0.0,0.0,0.472044,486.13,0.8
1,flat_temperate,flat,temperate,9.9,117612.0,Swarm_3D2P,5,0.4,2,3225,123,38.5,15.18,0.0356,0.3626,0.2029,0.7971,0.3691039979457855,509.13,42.5
1,flat_temperate,flat,temperate,9.9,117612.0,Greedy,5,0.4,2,15000,123,32.0,15.7,0.0,0.0,0.0,0.0,0.378815,384.2,5.3
1,flat_temperate,flat,temperate,9.9,117612.0,Pizza,5,0.4,2,15000,123,38.5,25.06,0.0,0.0,0.0,0.0,0.367913,384.2,0.7
1,flat_temperate,flat,temperate,9.9,117612.0,Swarm_3D2P,5,0.6,3,3225,123,36.5,13.8,0.0319,0.3432,0.2182,0.7818,0.34992700815200806,474.51,42.1
1,flat_temperate,flat,temperate,9.9,117612.0,Greedy,5,0.6,3,15000,123,27.0,12.1,0.0,0.0,0.0,0.0,0.299919,282.27,6.3
1,flat_temperate,flat,temperate,9.9,117612.0,Pizza,5,0.6,3,15000,123,28.5,18.39,0.0,0.0,0.0,0.0,0.307281,282.27,0.8
1,flat_temperate,flat,temperate,9.9,117612.0,Swarm_3D2P,5,0.0,0,3240,456,38.0,17.73,0.0431,0.3996,0.2043,0.7957,0.4039030075073242,583.8,47.8
1,flat_temperate,flat,temperate,9.9,117612.0,Greedy,5,0.0,0,15000,456,54.5,28.75,0.0,0.0,0.0,0.0,0.543114,588.06,5.3
1,flat_temperate,flat,temperate,9.9,117612.0,Pizza,5,0.0,0,15000,456,61.0,38.35,0.0,0.0,0.0,0.0,0.577095,588.06,0.8
1,flat_temperate,flat,temperate,9.9,117612.0,Swarm_3D2P,5,0.2,1,3244,456,36.0,16.58,0.0395,0.3888,0.1918,0.8082,0.39445099234580994,541.5,45.5
1,flat_temperate,flat,temperate,9.9,117612.0,Greedy,5,0.2,1,15000,456,35.5,17.02,0.0,0.0,0.0,0.0,0.395772,486.13,6.4
1,flat_temperate,flat,temperate,9.9,117612.0,Pizza,5,0.2,1,15000,456,46.5,31.74,0.0,0.0,0.0,0.0,0.472044,486.13,0.7
1,flat_temperate,flat,temperate,9.9,117612.0,Swarm_3D2P,5,0.4,2,3225,456,32.5,15.18,0.0356,0.3626,0.2029,0.7971,0.3691039979457855,509.13,43.3
1,flat_temperate,flat,temperate,9.9,117612.0,Greedy,5,0.4,2,15000,456,31.0,16.71,0.0,0.0,0.0,0.0,0.33811,384.2,5.4
1,flat_temperate,flat,temperate,9.9,117612.0,Pizza,5,0.4,2,15000,456,37.0,25.06,0.0,0.0,0.0,0.0,0.367913,384.2,0.7
1,flat_temperate,flat,temperate,9.9,117612.0,Swarm_3D2P,5,0.6,3,3225,456,30.5,13.8,0.0319,0.3432,0.2182,0.7818,0.34992700815200806,474.51,42.5
1,flat_temperate,flat,temperate,9.9,117612.0,Greedy,5,0.6,3,15000,456,30.5,14.91,0.0,0.0,0.0,0.0,0.337987,282.27,5.3
1,flat_temperate,flat,temperate,9.9,117612.0,Pizza,5,0.6,3,15000,456,28.5,18.39,0.0,0.0,0.0,0.0,0.307281,282.27,0.8
5,flat_temperate,flat,temperate,9.9,117612.0,Swarm_3D2P,5,0.0,0,3742,42,10.0,6.83,0.0151,0.1209,0.178,0.822,0.13210399448871613,569.76,57.6
5,flat_temperate,flat,temperate,9.9,117612.0,Greedy,5,0.0,0,15000,42,42.0,27.5,0.0,0.0,0.0,0.0,0.43313,588.06,5.4
5,flat_temperate,flat,temperate,9.9,117612.0,Pizza,5,0.0,0,15000,42,51.0,38.35,0.0,0.0,0.0,0.0,0.490468,588.06,0.7
5,flat_temperate,flat,temperate,9.9,117612.0,Swarm_3D2P,5,0.2,1,3735,42,10.5,6.54,0.0141,0.116,0.1512,0.8488,0.1277790069580078,516.48,54.5
5,flat_temperate,flat,temperate,9.9,117612.0,Greedy,5,0.2,1,15000,42,32.5,25.81,0.0,0.0,0.0,0.0,0.345713,486.13,5.2
5,flat_temperate,flat,temperate,9.9,117612.0,Pizza,5,0.2,1,15000,42,43.5,31.74,0.0,0.0,0.0,0.0,0.420462,486.13,0.8
5,flat_temperate,flat,temperate,9.9,117612.0,Swarm_3D2P,5,0.4,2,3713,42,9.0,6.11,0.013,0.109,0.1362,0.8638,0.12019000202417374,461.82,50.2
5,flat_temperate,flat,temperate,9.9,117612.0,Greedy,5,0.4,2,15000,42,26.0,13.15,0.0,0.0,0.0,0.0,0.275177,384.2,5.3
5,flat_temperate,flat,temperate,9.9,117612.0,Pizza,5,0.4,2,15000,42,38.0,25.06,0.0,0.0,0.0,0.0,0.350915,384.2,1.7
5,flat_temperate,flat,temperate,9.9,117612.0,Swarm_3D2P,5,0.6,3,3024,42,7.5,5.59,0.0116,0.0993,0.1288,0.8712,0.11137200146913528,407.03,41.5
5,flat_temperate,flat,temperate,9.9,117612.0,Greedy,5,0.6,3,15000,42,19.0,11.39,0.0,0.0,0.0,0.0,0.236719,282.27,6.4
5,flat_temperate,flat,temperate,9.9,117612.0,Pizza,5,0.6,3,15000,42,29.5,18.39,0.0,0.0,0.0,0.0,0.28183,282.27,0.8
5,flat_temperate,flat,temperate,9.9,117612.0,Swarm_3D2P,5,0.0,0,3728,123,11.5,6.27,0.0137,0.1072,0.1759,0.8241,0.11895599961280823,570.86,56.9
5,flat_temperate,flat,temperate,9.9,117612.0,Greedy,5,0.0,0,15000,123,43.0,24.47,0.0,0.0,0.0,0.0,0.410135,588.06,5.2
5,flat_temperate,flat,temperate,9.9,117612.0,Pizza,5,0.0,0,15000,123,54.0,38.35,0.0,0.0,0.0,0.0,0.490468,588.06,0.7
5,flat_temperate,flat,temperate,9.9,117612.0,Swarm_3D2P,5,0.2,1,3722,123,10.5,5.91,0.0126,0.0993,0.1693,0.8307,0.11139599978923798,517.68,52.9
5,flat_temperate,flat,temperate,9.9,117612.0,Greedy,5,0.2,1,15000,123,32.0,17.12,0.0,0.0,0.0,0.0,0.31218,486.13,5.3
5,flat_temperate,flat,temperate,9.9,117612.0,Pizza,5,0.2,1,15000,123,47.0,31.74,0.0,0.0,0.0,0.0,0.420462,486.13,0.8
5,flat_temperate,flat,temperate,9.9,117612.0,Swarm_3D2P,5,0.4,2,3712,123,10.5,5.45,0.0112,0.0912,0.1448,0.8552,0.10323599725961685,463.34,49.8
5,flat_temperate,flat,temperate,9.9,117612.0,Greedy,5,0.4,2,15000,123,26.0,15.38,0.0,0.0,0.0,0.0,0.293284,384.2,5.3
5,flat_temperate,flat,temperate,9.9,117612.0,Pizza,5,0.4,2,15000,123,36.0,25.06,0.0,0.0,0.0,0.0,0.350915,384.2,0.8
5,flat_temperate,flat,temperate,9.9,117612.0,Swarm_3D2P,5,0.6,3,2903,123,10.0,4.92,0.0098,0.0807,0.1561,0.8439,0.09297800064086914,409.01,40.2
5,flat_temperate,flat,temperate,9.9,117612.0,Greedy,5,0.6,3,15000,123,23.5,8.99,0.0,0.0,0.0,0.0,0.221707,282.27,6.1
5,flat_temperate,flat,temperate,9.9,117612.0,Pizza,5,0.6,3,15000,123,31.0,18.39,0.0,0.0,0.0,0.0,0.28183,282.27,0.8
5,flat_temperate,flat,temperate,9.9,117612.0,Swarm_3D2P,5,0.0,0,3742,456,12.0,6.83,0.0151,0.1209,0.178,0.822,0.13210399448871613,569.76,57.4
5,flat_temperate,flat,temperate,9.9,117612.0,Greedy,5,0.0,0,15000,456,39.0,25.95,0.0,0.0,0.0,0.0,0.417022,588.06,5.6
5,flat_temperate,flat,temperate,9.9,117612.0,Pizza,5,0.0,0,15000,456,53.0,38.35,0.0,0.0,0.0,0.0,0.490468,588.06,0.8
5,flat_temperate,flat,temperate,9.9,117612.0,Swarm_3D2P,5,0.2,1,3735,456,10.5,6.54,0.0141,0.116,0.1512,0.8488,0.1277790069580078,516.48,53.4
5,flat_temperate,flat,temperate,9.9,117612.0,Greedy,5,0.2,1,15000,456,38.5,22.25,0.0,0.0,0.0,0.0,0.370176,486.13,5.4
5,flat_temperate,flat,temperate,9.9,117612.0,Pizza,5,0.2,1,15000,456,45.5,31.74,0.0,0.0,0.0,0.0,0.420462,486.13,0.7
5,flat_temperate,flat,temperate,9.9,117612.0,Swarm_3D2P,5,0.4,2,3713,456,12.0,6.11,0.013,0.109,0.1362,0.8638,0.12019000202417374,461.82,50.0
5,flat_temperate,flat,temperate,9.9,117612.0,Greedy,5,0.4,2,15000,456,25.5,15.05,0.0,0.0,0.0,0.0,0.280288,384.2,6.0
5,flat_temperate,flat,temperate,9.9,117612.0,Pizza,5,0.4,2,15000,456,36.0,25.06,0.0,0.0,0.0,0.0,0.350915,384.2,0.7
5,flat_temperate,flat,temperate,9.9,117612.0,Swarm_3D2P,5,0.6,3,3024,456,11.0,5.59,0.0116,0.0993,0.1288,0.8712,0.11137200146913528,407.03,41.0
5,flat_temperate,flat,temperate,9.9,117612.0,Greedy,5,0.6,3,15000,456,23.0,12.99,0.0,0.0,0.0,0.0,0.260984,282.27,5.4
5,flat_temperate,flat,temperate,9.9,117612.0,Pizza,5,0.6,3,15000,456,27.5,18.39,0.0,0.0,0.0,0.0,0.28183,282.27,0.8
16,mountain_temperate,mountainous,temperate,18.3,401868.0,Swarm_3D2P,5,0.0,0,10927,42,32.0,33.43,0.024,0.3041,0.3106,0.6894,0.30496901273727417,1902.76,483.7
16,mountain_temperate,mountainous,temperate,18.3,401868.0,Greedy,5,0.0,0,15000,42,43.0,66.21,0.0,0.0,0.0,0.0,0.429552,2009.34,18.8
16,mountain_temperate,mountainous,temperate,18.3,401868.0,Pizza,5,0.0,0,15000,42,56.5,132.0,0.0,0.0,0.0,0.0,0.519454,2009.34,2.4
16,mountain_temperate,mountainous,temperate,18.3,401868.0,Swarm_3D2P,5,0.2,1,10971,42,25.5,26.53,0.0185,0.2523,0.2736,0.7264,0.2548139989376068,1533.31,474.6
16,mountain_temperate,mountainous,temperate,18.3,401868.0,Greedy,5,0.2,1,15000,42,39.5,54.43,0.0,0.0,0.0,0.0,0.382552,1661.05,20.8
16,mountain_temperate,mountainous,temperate,18.3,401868.0,Pizza,5,0.2,1,15000,42,41.0,109.19,0.0,0.0,0.0,0.0,0.417218,1661.05,2.5
16,mountain_temperate,mountainous,temperate,18.3,401868.0,Swarm_3D2P,5,0.4,2,10945,42,19.0,20.96,0.0142,0.2055,0.1466,0.8534,0.20644700527191162,1246.18,444.4
16,mountain_temperate,mountainous,temperate,18.3,401868.0,Greedy,5,0.4,2,15000,42,36.5,45.09,0.0,0.0,0.0,0.0,0.37026,1312.77,19.8
16,mountain_temperate,mountainous,temperate,18.3,401868.0,Pizza,5,0.4,2,15000,42,36.5,86.25,0.0,0.0,0.0,0.0,0.370339,1312.77,2.6
16,mountain_temperate,mountainous,temperate,18.3,401868.0,Swarm_3D2P,5,0.6,3,8639,42,11.0,13.44,0.0082,0.1097,0.1369,0.8631,0.1162249967455864,922.96,337.8
16,mountain_temperate,mountainous,temperate,18.3,401868.0,Greedy,5,0.6,3,15000,42,25.5,31.97,0.0,0.0,0.0,0.0,0.231066,964.48,20.1
16,mountain_temperate,mountainous,temperate,18.3,401868.0,Pizza,5,0.6,3,15000,42,31.5,63.32,0.0,0.0,0.0,0.0,0.34433,964.48,3.0
16,mountain_temperate,mountainous,temperate,18.3,401868.0,Swarm_3D2P,5,0.0,0,10893,123,35.5,31.87,0.0233,0.3019,0.3644,0.6356,0.30140700936317444,1819.06,526.9
16,mountain_temperate,mountainous,temperate,18.3,401868.0,Greedy,5,0.0,0,15000,123,42.5,55.61,0.0,0.0,0.0,0.0,0.418181,2009.34,18.9
16,mountain_temperate,mountainous,temperate,18.3,401868.0,Pizza,5,0.0,0,15000,123,56.5,132.0,0.0,0.0,0.0,0.0,0.519454,2009.34,2.6
16,mountain_temperate,mountainous,temperate,18.3,401868.0,Swarm_3D2P,5,0.2,1,13582,123,32.0,30.22,0.0215,0.2791,0.2284,0.7716,0.2805449962615967,1726.25,595.7
16,mountain_temperate,mountainous,temperate,18.3,401868.0,Greedy,5,0.2,1,15000,123,41.5,48.7,0.0,0.0,0.0,0.0,0.384606,1661.05,19.1
16,mountain_temperate,mountainous,temperate,18.3,401868.0,Pizza,5,0.2,1,15000,123,45.5,109.19,0.0,0.0,0.0,0.0,0.417218,1661.05,3.3
16,mountain_temperate,mountainous,temperate,18.3,401868.0,Swarm_3D2P,5,0.4,2,10990,123,21.5,18.66,0.013,0.194,0.1407,0.8593,0.19507800042629242,1177.85,446.4
16,mountain_temperate,mountainous,temperate,18.3,401868.0,Greedy,5,0.4,2,15000,123,34.0,39.77,0.0,0.0,0.0,0.0,0.310615,1312.77,19.0
16,mountain_temperate,mountainous,temperate,18.3,401868.0,Pizza,5,0.4,2,15000,123,41.5,86.25,0.0,0.0,0.0,0.0,0.370339,1312.77,3.4
16,mountain_temperate,mountainous,temperate,18.3,401868.0,Swarm_3D2P,5,0.6,3,9186,123,10.5,11.47,0.0074,0.1045,0.0919,0.9081,0.10933099687099457,851.36,363.0
16,mountain_temperate,mountainous,temperate,18.3,401868.0,Greedy,5,0.6,3,15000,123,22.0,31.76,0.0,0.0,0.0,0.0,0.233511,964.48,19.0
16,mountain_temperate,mountainous,temperate,18.3,401868.0,Pizza,5,0.6,3,15000,123,39.5,63.32,0.0,0.0,0.0,0.0,0.34433,964.48,2.6
16,mountain_temperate,mountainous,temperate,18.3,401868.0,Swarm_3D2P,5,0.0,0,10848,456,35.5,34.85,0.0249,0.3119,0.3736,0.6264,0.3130500018596649,1845.66,548.8
16,mountain_temperate,mountainous,temperate,18.3,401868.0,Greedy,5,0.0,0,15000,456,41.5,49.28,0.0,0.0,0.0,0.0,0.383934,2009.34,20.2
16,mountain_temperate,mountainous,temperate,18.3,401868.0,Pizza,5,0.0,0,15000,456,53.5,132.0,0.0,0.0,0.0,0.0,0.519454,2009.34,2.8
16,mountain_temperate,mountainous,temperate,18.3,401868.0,Swarm_3D2P,5,0.2,1,10916,456,26.0,28.61,0.0201,0.2621,0.2128,0.7872,0.26384198665618896,1725.36,499.1
16,mountain_temperate,mountainous,temperate,18.3,401868.0,Greedy,5,0.2,1,15000,456,30.0,43.38,0.0,0.0,0.0,0.0,0.297967,1661.05,19.8
16,mountain_temperate,mountainous,temperate,18.3,401868.0,Pizza,5,0.2,1,15000,456,43.0,109.19,0.0,0.0,0.0,0.0,0.417218,1661.05,2.6
16,mountain_temperate,mountainous,temperate,18.3,401868.0,Swarm_3D2P,5,0.4,2,10960,456,18.5,20.0,0.0134,0.1857,0.1589,0.8411,0.18873600661754608,1197.91,454.3
16,mountain_temperate,mountainous,temperate,18.3,401868.0,Greedy,5,0.4,2,15000,456,33.0,38.6,0.0,0.0,0.0,0.0,0.304174,1312.77,20.7
16,mountain_temperate,mountainous,temperate,18.3,401868.0,Pizza,5,0.4,2,15000,456,40.0,86.25,0.0,0.0,0.0,0.0,0.370339,1312.77,2.7
16,mountain_temperate,mountainous,temperate,18.3,401868.0,Swarm_3D2P,5,0.6,3,8278,456,13.5,13.54,0.0082,0.1047,0.1371,0.8629,0.11249999701976776,875.75,337.9
16,mountain_temperate,mountainous,temperate,18.3,401868.0,Greedy,5,0.6,3,15000,456,22.0,31.04,0.0,0.0,0.0,0.0,0.233588,964.48,19.1
16,mountain_temperate,mountainous,temperate,18.3,401868.0,Pizza,5,0.6,3,15000,456,37.5,63.32,0.0,0.0,0.0,0.0,0.34433,964.48,2.5
20,mountain_temperate,mountainous,temperate,18.3,401868.0,Swarm_3D2P,5,0.0,0,10127,42,29.0,43.38,0.0316,0.3064,0.306,0.694,0.30681100487709045,1804.32,500.7
20,mountain_temperate,mountainous,temperate,18.3,401868.0,Greedy,5,0.0,0,15000,42,32.5,60.19,0.0,0.0,0.0,0.0,0.378755,2009.34,19.2
20,mountain_temperate,mountainous,temperate,18.3,401868.0,Pizza,5,0.0,0,15000,42,43.0,132.0,0.0,0.0,0.0,0.0,0.485759,2009.34,3.3
20,mountain_temperate,mountainous,temperate,18.3,401868.0,Swarm_3D2P,5,0.2,1,9995,42,23.5,35.54,0.0255,0.2619,0.2746,0.7254,0.26322001218795776,1487.53,462.2
20,mountain_temperate,mountainous,temperate,18.3,401868.0,Greedy,5,0.2,1,15000,42,30.5,55.6,0.0,0.0,0.0,0.0,0.360084,1661.05,19.2
20,mountain_temperate,mountainous,temperate,18.3,401868.0,Pizza,5,0.2,1,15000,42,40.5,109.19,0.0,0.0,0.0,0.0,0.42893,1661.05,2.5
20,mountain_temperate,mountainous,temperate,18.3,401868.0,Swarm_3D2P,5,0.4,2,9854,42,20.0,29.28,0.0208,0.2173,0.1629,0.8371,0.2190680056810379,1171.07,420.6
20,mountain_temperate,mountainous,temperate,18.3,401868.0,Greedy,5,0.4,2,15000,42,24.0,39.55,0.0,0.0,0.0,0.0,0.279518,1312.77,19.5
20,mountain_temperate,mountainous,temperate,18.3,401868.0,Pizza,5,0.4,2,15000,42,26.5,86.25,0.0,0.0,0.0,0.0,0.330806,1312.77,2.9
20,mountain_temperate,mountainous,temperate,18.3,401868.0,Swarm_3D2P,5,0.6,3,8001,42,12.5,18.02,0.0119,0.1349,0.1273,0.8727,0.14148899912834167,836.92,378.9
20,mountain_temperate,mountainous,temperate,18.3,401868.0,Greedy,5,0.6,3,15000,42,13.0,25.8,0.0,0.0,0.0,0.0,0.2128,964.48,20.1
20,mountain_temperate,mountainous,temperate,18.3,401868.0,Pizza,5,0.6,3,15000,42,20.5,63.32,0.0,0.0,0.0,0.0,0.2859,964.48,3.5
20,mountain_temperate,mountainous,temperate,18.3,401868.0,Swarm_3D2P,5,0.0,0,10127,123,31.0,43.39,0.0316,0.3064,0.306,0.694,0.3068229854106903,1804.21,567.7
20,mountain_temperate,mountainous,temperate,18.3,401868.0,Greedy,5,0.0,0,15000,123,38.5,71.79,0.0,0.0,0.0,0.0,0.404843,2009.34,21.7
20,mountain_temperate,mountainous,temperate,18.3,401868.0,Pizza,5,0.0,0,15000,123,47.0,132.0,0.0,0.0,0.0,0.0,0.485759,2009.34,2.9
20,mountain_temperate,mountainous,temperate,18.3,401868.0,Swarm_3D2P,5,0.2,1,9995,123,23.0,35.54,0.0255,0.2619,0.2746,0.7254,0.26322001218795776,1487.53,546.5
20,mountain_temperate,mountainous,temperate,18.3,401868.0,Greedy,5,0.2,1,15000,123,32.0,54.28,0.0,0.0,0.0,0.0,0.351188,1661.05,18.0
20,mountain_temperate,mountainous,temperate,18.3,401868.0,Pizza,5,0.2,1,15000,123,45.5,109.19,0.0,0.0,0.0,0.0,0.42893,1661.05,2.5
20,mountain_temperate,mountainous,temperate,18.3,401868.0,Swarm_3D2P,5,0.4,2,9854,123,23.0,29.28,0.0208,0.2173,0.1629,0.8371,0.2190680056810379,1171.07,408.5
20,mountain_temperate,mountainous,temperate,18.3,401868.0,Greedy,5,0.4,2,15000,123,25.5,42.74,0.0,0.0,0.0,0.0,0.268842,1312.77,17.9
20,mountain_temperate,mountainous,temperate,18.3,401868.0,Pizza,5,0.4,2,15000,123,34.5,86.25,0.0,0.0,0.0,0.0,0.330806,1312.77,2.4
20,mountain_temperate,mountainous,temperate,18.3,401868.0,Swarm_3D2P,5,0.6,3,8001,123,17.0,18.02,0.0119,0.1349,0.1273,0.8727,0.14148899912834167,836.92,319.1
20,mountain_temperate,mountainous,temperate,18.3,401868.0,Greedy,5,0.6,3,15000,123,26.0,28.02,0.0,0.0,0.0,0.0,0.233792,964.48,18.1
20,mountain_temperate,mountainous,temperate,18.3,401868.0,Pizza,5,0.6,3,15000,123,31.0,63.32,0.0,0.0,0.0,0.0,0.2859,964.48,2.5
20,mountain_temperate,mountainous,temperate,18.3,401868.0,Swarm_3D2P,5,0.0,0,10127,456,28.5,43.38,0.0316,0.3064,0.306,0.694,0.30681100487709045,1804.32,484.2
20,mountain_temperate,mountainous,temperate,18.3,401868.0,Greedy,5,0.0,0,15000,456,34.5,67.85,0.0,0.0,0.0,0.0,0.384119,2009.34,17.9
20,mountain_temperate,mountainous,temperate,18.3,401868.0,Pizza,5,0.0,0,15000,456,47.0,132.0,0.0,0.0,0.0,0.0,0.485759,2009.34,2.4
20,mountain_temperate,mountainous,temperate,18.3,401868.0,Swarm_3D2P,5,0.2,1,9995,456,26.0,35.54,0.0255,0.2619,0.2746,0.7254,0.26322001218795776,1487.53,443.6
20,mountain_temperate,mountainous,temperate,18.3,401868.0,Greedy,5,0.2,1,15000,456,31.0,64.66,0.0,0.0,0.0,0.0,0.345616,1661.05,17.7
20,mountain_temperate,mountainous,temperate,18.3,401868.0,Pizza,5,0.2,1,15000,456,40.5,109.19,0.0,0.0,0.0,0.0,0.42893,1661.05,2.5
20,mountain_temperate,mountainous,temperate,18.3,401868.0,Swarm_3D2P,5,0.4,2,9854,456,22.0,29.28,0.0208,0.2173,0.1629,0.8371,0.2190680056810379,1171.07,408.6
20,mountain_temperate,mountainous,temperate,18.3,401868.0,Greedy,5,0.4,2,15000,456,21.5,39.66,0.0,0.0,0.0,0.0,0.268485,1312.77,17.8
20,mountain_temperate,mountainous,temperate,18.3,401868.0,Pizza,5,0.4,2,15000,456,30.0,86.25,0.0,0.0,0.0,0.0,0.330806,1312.77,2.5
20,mountain_temperate,mountainous,temperate,18.3,401868.0,Swarm_3D2P,5,0.6,3,8001,456,16.0,18.02,0.0119,0.1349,0.1273,0.8727,0.14148899912834167,836.92,318.6
20,mountain_temperate,mountainous,temperate,18.3,401868.0,Greedy,5,0.6,3,15000,456,19.5,30.58,0.0,0.0,0.0,0.0,0.253099,964.48,18.1
20,mountain_temperate,mountainous,temperate,18.3,401868.0,Pizza,5,0.6,3,15000,456,25.5,63.32,0.0,0.0,0.0,0.0,0.2859,964.48,2.5
31,flat_dry,flat,dry,13.1,205932.0,Swarm_3D2P,5,0.0,0,7592,42,55.0,30.48,0.0404,0.5664,0.3329,0.6671,0.5774639844894409,1144.24,143.9
31,flat_dry,flat,dry,13.1,205932.0,Greedy,5,0.0,0,15000,42,32.5,20.15,0.0,0.0,0.0,0.0,0.370951,1029.66,9.2
31,flat_dry,flat,dry,13.1,205932.0,Pizza,5,0.0,0,15000,42,49.0,67.41,0.0,0.0,0.0,0.0,0.521519,1029.66,1.1
31,flat_dry,flat,dry,13.1,205932.0,Swarm_3D2P,5,0.2,1,7790,42,54.5,28.69,0.0366,0.5497,0.2764,0.7236,0.5619710087776184,1017.34,145.4
31,flat_dry,flat,dry,13.1,205932.0,Greedy,5,0.2,1,15000,42,37.0,18.64,0.0,0.0,0.0,0.0,0.379717,851.19,9.1
31,flat_dry,flat,dry,13.1,205932.0,Pizza,5,0.2,1,15000,42,44.0,55.77,0.0,0.0,0.0,0.0,0.459668,851.19,1.2
31,flat_dry,flat,dry,13.1,205932.0,Swarm_3D2P,5,0.4,2,7519,42,45.0,22.2,0.028,0.4814,0.2703,0.7297,0.4960930049419403,877.34,146.9
31,flat_dry,flat,dry,13.1,205932.0,Greedy,5,0.4,2,15000,42,29.5,15.22,0.0,0.0,0.0,0.0,0.293073,672.71,9.3
31,flat_dry,flat,dry,13.1,205932.0,Pizza,5,0.4,2,15000,42,38.5,44.05,0.0,0.0,0.0,0.0,0.404841,672.71,1.1
31,flat_dry,flat,dry,13.1,205932.0,Swarm_3D2P,5,0.6,3,7631,42,45.5,21.71,0.0247,0.4846,0.2176,0.7824,0.5017759799957275,758.98,145.3
31,flat_dry,flat,dry,13.1,205932.0,Greedy,5,0.6,3,15000,42,36.0,14.25,0.0,0.0,0.0,0.0,0.354362,494.24,9.4
31,flat_dry,flat,dry,13.1,205932.0,Pizza,5,0.6,3,15000,42,29.0,32.33,0.0,0.0,0.0,0.0,0.317078,494.24,1.2
31,flat_dry,flat,dry,13.1,205932.0,Swarm_3D2P,5,0.0,0,7535,123,52.5,28.98,0.0389,0.5459,0.3403,0.6597,0.5566110014915466,1144.58,138.8
31,flat_dry,flat,dry,13.1,205932.0,Greedy,5,0.0,0,15000,123,35.0,23.84,0.0,0.0,0.0,0.0,0.442629,1029.66,9.2
31,flat_dry,flat,dry,13.1,205932.0,Pizza,5,0.0,0,15000,123,48.5,67.41,0.0,0.0,0.0,0.0,0.521519,1029.66,1.1
31,flat_dry,flat,dry,13.1,205932.0,Swarm_3D2P,5,0.2,1,7435,123,45.0,24.17,0.0307,0.4953,0.3338,0.6662,0.5084789991378784,1002.2,138.4
31,flat_dry,flat,dry,13.1,205932.0,Greedy,5,0.2,1,15000,123,26.0,18.16,0.0,0.0,0.0,0.0,0.334345,851.19,9.4
31,flat_dry,flat,dry,13.1,205932.0,Pizza,5,0.2,1,15000,123,42.5,55.77,0.0,0.0,0.0,0.0,0.459668,851.19,1.2
31,flat_dry,flat,dry,13.1,205932.0,Swarm_3D2P,5,0.4,2,7716,123,43.0,22.05,0.0265,0.4648,0.3235,0.6765,0.4849970042705536,878.75,146.7
31,flat_dry,flat,dry,13.1,205932.0,Greedy,5,0.4,2,15000,123,25.5,15.35,0.0,0.0,0.0,0.0,0.281866,672.71,9.2
31,flat_dry,flat,dry,13.1,205932.0,Pizza,5,0.4,2,15000,123,37.5,44.05,0.0,0.0,0.0,0.0,0.404841,672.71,1.2
31,flat_dry,flat,dry,13.1,205932.0,Swarm_3D2P,5,0.6,3,7660,123,41.5,18.83,0.0193,0.4415,0.2944,0.7056,0.466746985912323,743.99,149.4
31,flat_dry,flat,dry,13.1,205932.0,Greedy,5,0.6,3,15000,123,20.0,9.39,0.0,0.0,0.0,0.0,0.248392,494.24,9.3
31,flat_dry,flat,dry,13.1,205932.0,Pizza,5,0.6,3,15000,123,27.0,32.33,0.0,0.0,0.0,0.0,0.317078,494.24,1.3
31,flat_dry,flat,dry,13.1,205932.0,Swarm_3D2P,5,0.0,0,7656,456,48.5,28.86,0.0376,0.5469,0.3688,0.6312,0.5564200282096863,1145.35,140.7
31,flat_dry,flat,dry,13.1,205932.0,Greedy,5,0.0,0,15000,456,32.0,23.37,0.0,0.0,0.0,0.0,0.387484,1029.66,9.1
31,flat_dry,flat,dry,13.1,205932.0,Pizza,5,0.0,0,15000,456,48.5,67.41,0.0,0.0,0.0,0.0,0.521519,1029.66,1.2
31,flat_dry,flat,dry,13.1,205932.0,Swarm_3D2P,5,0.2,1,7481,456,46.0,25.62,0.032,0.521,0.334,0.666,0.527072012424469,1008.59,143.2
31,flat_dry,flat,dry,13.1,205932.0,Greedy,5,0.2,1,15000,456,30.5,19.79,0.0,0.0,0.0,0.0,0.365497,851.19,9.3
31,flat_dry,flat,dry,13.1,205932.0,Pizza,5,0.2,1,15000,456,46.0,55.77,0.0,0.0,0.0,0.0,0.459668,851.19,1.2
31,flat_dry,flat,dry,13.1,205932.0,Swarm_3D2P,5,0.4,2,7780,456,45.5,22.34,0.0259,0.506,0.3238,0.6762,0.5214660167694092,894.36,148.6
31,flat_dry,flat,dry,13.1,205932.0,Greedy,5,0.4,2,15000,456,38.0,18.72,0.0,0.0,0.0,0.0,0.413721,672.71,9.1
31,flat_dry,flat,dry,13.1,205932.0,Pizza,5,0.4,2,15000,456,40.5,44.05,0.0,0.0,0.0,0.0,0.404841,672.71,1.2
31,flat_dry,flat,dry,13.1,205932.0,Swarm_3D2P,5,0.6,3,7681,456,41.0,18.48,0.0192,0.4354,0.2979,0.7021,0.45246100425720215,752.21,150.4
31,flat_dry,flat,dry,13.1,205932.0,Greedy,5,0.6,3,15000,456,21.5,10.34,0.0,0.0,0.0,0.0,0.25944,494.24,9.1
31,flat_dry,flat,dry,13.1,205932.0,Pizza,5,0.6,3,15000,456,30.0,32.33,0.0,0.0,0.0,0.0,0.317078,494.24,1.2
35,flat_dry,flat,dry,13.1,205932.0,Swarm_3D2P,5,0.0,0,6249,42,29.0,25.27,0.0347,0.2964,0.1105,0.8895,0.3149830102920532,1043.54,160.3
35,flat_dry,flat,dry,13.1,205932.0,Greedy,5,0.0,0,15000,42,33.5,26.7,0.0,0.0,0.0,0.0,0.392327,1029.66,9.2
35,flat_dry,flat,dry,13.1,205932.0,Pizza,5,0.0,0,15000,42,53.0,67.41,0.0,0.0,0.0,0.0,0.526934,1029.66,1.2
35,flat_dry,flat,dry,13.1,205932.0,Swarm_3D2P,5,0.2,1,6210,42,27.5,24.55,0.0337,0.2777,0.1488,0.8512,0.293487012386322,917.15,128.5
35,flat_dry,flat,dry,13.1,205932.0,Greedy,5,0.2,1,15000,42,34.5,22.63,0.0,0.0,0.0,0.0,0.394441,851.19,9.1
35,flat_dry,flat,dry,13.1,205932.0,Pizza,5,0.2,1,15000,42,46.5,55.77,0.0,0.0,0.0,0.0,0.5049,851.19,1.1
35,flat_dry,flat,dry,13.1,205932.0,Swarm_3D2P,5,0.4,2,6256,42,22.5,20.83,0.0278,0.2192,0.0884,0.9116,0.2375440001487732,792.93,117.8
35,flat_dry,flat,dry,13.1,205932.0,Greedy,5,0.4,2,15000,42,34.5,22.6,0.0,0.0,0.0,0.0,0.436841,672.71,9.1
35,flat_dry,flat,dry,13.1,205932.0,Pizza,5,0.4,2,15000,42,35.0,44.05,0.0,0.0,0.0,0.0,0.396421,672.71,1.1
35,flat_dry,flat,dry,13.1,205932.0,Swarm_3D2P,5,0.6,3,6238,42,20.0,19.4,0.0254,0.193,0.0941,0.9059,0.21344299614429474,669.08,108.0
35,flat_dry,flat,dry,13.1,205932.0,Greedy,5,0.6,3,15000,42,17.0,10.97,0.0,0.0,0.0,0.0,0.194974,494.24,9.3
35,flat_dry,flat,dry,13.1,205932.0,Pizza,5,0.6,3,15000,42,25.0,32.33,0.0,0.0,0.0,0.0,0.29481,494.24,1.2
35,flat_dry,flat,dry,13.1,205932.0,Swarm_3D2P,5,0.0,0,6189,123,31.5,26.15,0.0366,0.289,0.1697,0.8303,0.3020919859409332,1037.73,137.3
35,flat_dry,flat,dry,13.1,205932.0,Greedy,5,0.0,0,15000,123,47.5,29.81,0.0,0.0,0.0,0.0,0.493027,1029.66,9.0
35,flat_dry,flat,dry,13.1,205932.0,Pizza,5,0.0,0,15000,123,52.5,67.41,0.0,0.0,0.0,0.0,0.526934,1029.66,1.1
35,flat_dry,flat,dry,13.1,205932.0,Swarm_3D2P,5,0.2,1,6184,123,28.0,24.98,0.0344,0.2729,0.164,0.836,0.286994993686676,913.5,117.4
35,flat_dry,flat,dry,13.1,205932.0,Greedy,5,0.2,1,15000,123,36.5,21.44,0.0,0.0,0.0,0.0,0.368797,851.19,9.1
35,flat_dry,flat,dry,13.1,205932.0,Pizza,5,0.2,1,15000,123,50.5,55.77,0.0,0.0,0.0,0.0,0.5049,851.19,1.2
35,flat_dry,flat,dry,13.1,205932.0,Swarm_3D2P,5,0.4,2,6194,123,25.0,21.13,0.0285,0.2342,0.1011,0.8989,0.24803100526332855,788.5,112.9
35,flat_dry,flat,dry,13.1,205932.0,Greedy,5,0.4,2,15000,123,33.0,21.83,0.0,0.0,0.0,0.0,0.403161,672.71,9.8
35,flat_dry,flat,dry,13.1,205932.0,Pizza,5,0.4,2,15000,123,37.0,44.05,0.0,0.0,0.0,0.0,0.396421,672.71,1.2
35,flat_dry,flat,dry,13.1,205932.0,Swarm_3D2P,5,0.6,3,6168,123,20.5,17.43,0.0231,0.1793,0.1244,0.8756,0.1925940066576004,667.46,107.4
35,flat_dry,flat,dry,13.1,205932.0,Greedy,5,0.6,3,15000,123,26.5,12.14,0.0,0.0,0.0,0.0,0.261508,494.24,9.7
35,flat_dry,flat,dry,13.1,205932.0,Pizza,5,0.6,3,15000,123,30.0,32.33,0.0,0.0,0.0,0.0,0.29481,494.24,1.3
35,flat_dry,flat,dry,13.1,205932.0,Swarm_3D2P,5,0.0,0,6197,456,23.5,22.15,0.0305,0.2906,0.1511,0.8489,0.30078598856925964,1041.93,160.6
35,flat_dry,flat,dry,13.1,205932.0,Greedy,5,0.0,0,15000,456,28.0,27.29,0.0,0.0,0.0,0.0,0.420414,1029.66,9.6
35,flat_dry,flat,dry,13.1,205932.0,Pizza,5,0.0,0,15000,456,50.0,67.41,0.0,0.0,0.0,0.0,0.526934,1029.66,1.2
35,flat_dry,flat,dry,13.1,205932.0,Swarm_3D2P,5,0.2,1,6197,456,23.5,21.29,0.0291,0.2727,0.1559,0.8441,0.28327399492263794,911.99,140.3
35,flat_dry,flat,dry,13.1,205932.0,Greedy,5,0.2,1,15000,456,35.5,30.25,0.0,0.0,0.0,0.0,0.429041,851.19,9.2
35,flat_dry,flat,dry,13.1,205932.0,Pizza,5,0.2,1,15000,456,48.0,55.77,0.0,0.0,0.0,0.0,0.5049,851.19,1.1
35,flat_dry,flat,dry,13.1,205932.0,Swarm_3D2P,5,0.4,2,6209,456,21.0,19.23,0.0259,0.2346,0.1259,0.8741,0.24437600374221802,789.8,127.5
35,flat_dry,flat,dry,13.1,205932.0,Greedy,5,0.4,2,15000,456,20.5,19.0,0.0,0.0,0.0,0.0,0.323797,672.71,9.0
35,flat_dry,flat,dry,13.1,205932.0,Pizza,5,0.4,2,15000,456,39.0,44.05,0.0,0.0,0.0,0.0,0.396421,672.71,1.2
35,flat_dry,flat,dry,13.1,205932.0,Swarm_3D2P,5,0.6,3,6296,456,14.5,17.54,0.023,0.1932,0.1074,0.8926,0.2075899988412857,666.32,116.3
35,flat_dry,flat,dry,13.1,205932.0,Greedy,5,0.6,3,15000,456,14.5,11.23,0.0,0.0,0.0,0.0,0.238338,494.24,9.2
35,flat_dry,flat,dry,13.1,205932.0,Pizza,5,0.6,3,15000,456,27.0,32.33,0.0,0.0,0.0,0.0,0.29481,494.24,1.2
46,mountain_dry,mountainous,dry,19.3,446988.0,Swarm_3D2P,5,0.0,0,11761,42,29.5,45.58,0.0291,0.3192,0.3905,0.6095,0.3229660093784332,2224.31,571.1
46,mountain_dry,mountainous,dry,19.3,446988.0,Greedy,5,0.0,0,15000,42,30.0,55.72,0.0,0.0,0.0,0.0,0.33972,2234.94,19.8
46,mountain_dry,mountainous,dry,19.3,446988.0,Pizza,5,0.0,0,15000,42,39.5,146.89,0.0,0.0,0.0,0.0,0.487628,2234.94,2.7
46,mountain_dry,mountainous,dry,19.3,446988.0,Swarm_3D2P,5,0.2,1,14053,42,26.0,44.27,0.0281,0.3062,0.2118,0.7882,0.30949899554252625,1840.7,632.4
46,mountain_dry,mountainous,dry,19.3,446988.0,Greedy,5,0.2,1,15000,42,24.5,38.83,0.0,0.0,0.0,0.0,0.27944,1847.55,19.8
46,mountain_dry,mountainous,dry,19.3,446988.0,Pizza,5,0.2,1,15000,42,35.0,121.5,0.0,0.0,0.0,0.0,0.426794,1847.55,2.6
46,mountain_dry,mountainous,dry,19.3,446988.0,Swarm_3D2P,5,0.4,2,14466,42,24.0,36.46,0.0217,0.2398,0.1462,0.8538,0.2515619993209839,1487.24,629.6
46,mountain_dry,mountainous,dry,19.3,446988.0,Greedy,5,0.4,2,15000,42,21.0,39.85,0.0,0.0,0.0,0.0,0.241533,1460.16,19.6
46,mountain_dry,mountainous,dry,19.3,446988.0,Pizza,5,0.4,2,15000,42,30.5,95.98,0.0,0.0,0.0,0.0,0.357235,1460.16,2.7
46,mountain_dry,mountainous,dry,19.3,446988.0,Swarm_3D2P,5,0.6,3,14235,42,12.0,19.18,0.0102,0.1264,0.1725,0.8275,0.13587899506092072,1123.88,638.3
46,mountain_dry,mountainous,dry,19.3,446988.0,Greedy,5,0.6,3,15000,42,14.5,23.72,0.0,0.0,0.0,0.0,0.178986,1072.77,19.8
46,mountain_dry,mountainous,dry,19.3,446988.0,Pizza,5,0.6,3,15000,42,24.5,70.47,0.0,0.0,0.0,0.0,0.293782,1072.77,2.7
46,mountain_dry,mountainous,dry,19.3,446988.0,Swarm_3D2P,5,0.0,0,14848,123,28.0,49.39,0.0325,0.3407,0.3089,0.6911,0.342399001121521,2232.15,707.6
46,mountain_dry,mountainous,dry,19.3,446988.0,Greedy,5,0.0,0,15000,123,26.5,52.62,0.0,0.0,0.0,0.0,0.328348,2234.94,19.5
46,mountain_dry,mountainous,dry,19.3,446988.0,Pizza,5,0.0,0,15000,123,40.0,146.89,0.0,0.0,0.0,0.0,0.487628,2234.94,2.6
46,mountain_dry,mountainous,dry,19.3,446988.0,Swarm_3D2P,5,0.2,1,13430,123,27.0,47.99,0.0311,0.3244,0.1732,0.8268,0.3249959945678711,1803.83,583.2
46,mountain_dry,mountainous,dry,19.3,446988.0,Greedy,5,0.2,1,15000,123,23.0,43.43,0.0,0.0,0.0,0.0,0.286034,1847.55,19.8
46,mountain_dry,mountainous,dry,19.3,446988.0,Pizza,5,0.2,1,15000,123,33.0,121.5,0.0,0.0,0.0,0.0,0.426794,1847.55,2.6
46,mountain_dry,mountainous,dry,19.3,446988.0,Swarm_3D2P,5,0.4,2,13326,123,20.5,35.83,0.0214,0.2434,0.1858,0.8142,0.25336501002311707,1483.23,546.8
46,mountain_dry,mountainous,dry,19.3,446988.0,Greedy,5,0.4,2,15000,123,22.5,44.17,0.0,0.0,0.0,0.0,0.29756,1460.16,19.6
46,mountain_dry,mountainous,dry,19.3,446988.0,Pizza,5,0.4,2,15000,123,27.0,95.98,0.0,0.0,0.0,0.0,0.357235,1460.16,2.7
46,mountain_dry,mountainous,dry,19.3,446988.0,Swarm_3D2P,5,0.6,3,15000,123,9.5,19.43,0.0106,0.1225,0.1277,0.8723,0.13270099461078644,1173.38,601.6
46,mountain_dry,mountainous,dry,19.3,446988.0,Greedy,5,0.6,3,15000,123,17.0,27.27,0.0,0.0,0.0,0.0,0.191024,1072.77,19.5
46,mountain_dry,mountainous,dry,19.3,446988.0,Pizza,5,0.6,3,15000,123,22.5,70.47,0.0,0.0,0.0,0.0,0.293782,1072.77,2.8
46,mountain_dry,mountainous,dry,19.3,446988.0,Swarm_3D2P,5,0.0,0,11362,456,23.0,49.96,0.0335,0.304,0.3146,0.6854,0.3035759925842285,2210.98,545.5
46,mountain_dry,mountainous,dry,19.3,446988.0,Greedy,5,0.0,0,15000,456,26.0,50.76,0.0,0.0,0.0,0.0,0.334878,2234.94,20.9
46,mountain_dry,mountainous,dry,19.3,446988.0,Pizza,5,0.0,0,15000,456,35.0,146.89,0.0,0.0,0.0,0.0,0.487628,2234.94,2.7
46,mountain_dry,mountainous,dry,19.3,446988.0,Swarm_3D2P,5,0.2,1,11364,456,24.5,41.87,0.0268,0.303,0.2345,0.7655,0.30717000365257263,1842.22,499.9
46,mountain_dry,mountainous,dry,19.3,446988.0,Greedy,5,0.2,1,15000,456,22.5,40.46,0.0,0.0,0.0,0.0,0.279432,1847.55,19.8
46,mountain_dry,mountainous,dry,19.3,446988.0,Pizza,5,0.2,1,15000,456,30.5,121.5,0.0,0.0,0.0,0.0,0.426794,1847.55,2.6
46,mountain_dry,mountainous,dry,19.3,446988.0,Swarm_3D2P,5,0.4,2,12674,456,21.5,33.0,0.0199,0.2339,0.2141,0.7859,0.2420630007982254,1443.94,518.1
46,mountain_dry,mountainous,dry,19.3,446988.0,Greedy,5,0.4,2,15000,456,21.0,42.16,0.0,0.0,0.0,0.0,0.283107,1460.16,19.9
46,mountain_dry,mountainous,dry,19.3,446988.0,Pizza,5,0.4,2,15000,456,27.0,95.98,0.0,0.0,0.0,0.0,0.357235,1460.16,2.7
46,mountain_dry,mountainous,dry,19.3,446988.0,Swarm_3D2P,5,0.6,3,13488,456,11.5,21.18,0.0114,0.1264,0.1261,0.8739,0.1404850035905838,1103.54,527.3
46,mountain_dry,mountainous,dry,19.3,446988.0,Greedy,5,0.6,3,15000,456,12.5,25.44,0.0,0.0,0.0,0.0,0.196075,1072.77,19.8
46,mountain_dry,mountainous,dry,19.3,446988.0,Pizza,5,0.6,3,15000,456,22.0,70.47,0.0,0.0,0.0,0.0,0.293782,1072.77,2.7
50,mountain_dry,mountainous,dry,19.3,446988.0,Swarm_3D2P,5,0.0,0,11800,42,31.0,49.86,0.0326,0.3346,0.2906,0.7094,0.3368600010871887,2186.95,541.6
50,mountain_dry,mountainous,dry,19.3,446988.0,Greedy,5,0.0,0,15000,42,27.0,47.17,0.0,0.0,0.0,0.0,0.298428,2234.94,20.0
50,mountain_dry,mountainous,dry,19.3,446988.0,Pizza,5,0.0,0,15000,42,44.0,146.89,0.0,0.0,0.0,0.0,0.441787,2234.94,2.8
50,mountain_dry,mountainous,dry,19.3,446988.0,Swarm_3D2P,5,0.2,1,11839,42,25.0,43.47,0.0276,0.3075,0.2197,0.7803,0.31163498759269714,1831.93,478.4
50,mountain_dry,mountainous,dry,19.3,446988.0,Greedy,5,0.2,1,15000,42,16.0,38.81,0.0,0.0,0.0,0.0,0.216757,1847.55,20.6
50,mountain_dry,mountainous,dry,19.3,446988.0,Pizza,5,0.2,1,15000,42,38.0,121.5,0.0,0.0,0.0,0.0,0.369835,1847.55,2.9
50,mountain_dry,mountainous,dry,19.3,446988.0,Swarm_3D2P,5,0.4,2,11794,42,22.0,33.94,0.0206,0.2528,0.2099,0.7901,0.2573930025100708,1468.67,455.4
50,mountain_dry,mountainous,dry,19.3,446988.0,Greedy,5,0.4,2,15000,42,17.5,30.67,0.0,0.0,0.0,0.0,0.220553,1460.16,20.2
50,mountain_dry,mountainous,dry,19.3,446988.0,Pizza,5,0.4,2,15000,42,32.0,95.98,0.0,0.0,0.0,0.0,0.315535,1460.16,2.8
50,mountain_dry,mountainous,dry,19.3,446988.0,Swarm_3D2P,5,0.6,3,12050,42,18.0,26.17,0.0143,0.2025,0.1556,0.8444,0.21088699996471405,1125.16,411.2
50,mountain_dry,mountainous,dry,19.3,446988.0,Greedy,5,0.6,3,15000,42,11.0,22.09,0.0,0.0,0.0,0.0,0.180124,1072.77,19.9
50,mountain_dry,mountainous,dry,19.3,446988.0,Pizza,5,0.6,3,15000,42,23.5,70.47,0.0,0.0,0.0,0.0,0.235605,1072.77,2.9
50,mountain_dry,mountainous,dry,19.3,446988.0,Swarm_3D2P,5,0.0,0,12143,123,28.5,46.36,0.0301,0.3062,0.3042,0.6958,0.31017500162124634,2183.63,570.2
50,mountain_dry,mountainous,dry,19.3,446988.0,Greedy,5,0.0,0,15000,123,21.0,30.67,0.0,0.0,0.0,0.0,0.217291,2234.94,19.9
50,mountain_dry,mountainous,dry,19.3,446988.0,Pizza,5,0.0,0,15000,123,46.5,146.89,0.0,0.0,0.0,0.0,0.441787,2234.94,2.9
50,mountain_dry,mountainous,dry,19.3,446988.0,Swarm_3D2P,5,0.2,1,11971,123,28.0,39.56,0.025,0.2947,0.2286,0.7714,0.29843398928642273,1837.99,510.8
50,mountain_dry,mountainous,dry,19.3,446988.0,Greedy,5,0.2,1,15000,123,18.0,29.34,0.0,0.0,0.0,0.0,0.198982,1847.55,20.0
50,mountain_dry,mountainous,dry,19.3,446988.0,Pizza,5,0.2,1,15000,123,38.5,121.5,0.0,0.0,0.0,0.0,0.369835,1847.55,2.8
50,mountain_dry,mountainous,dry,19.3,446988.0,Swarm_3D2P,5,0.4,2,12135,123,24.5,31.27,0.0193,0.2469,0.1594,0.8406,0.24949699640274048,1448.66,467.8
50,mountain_dry,mountainous,dry,19.3,446988.0,Greedy,5,0.4,2,15000,123,20.0,25.39,0.0,0.0,0.0,0.0,0.171317,1460.16,19.8
50,mountain_dry,mountainous,dry,19.3,446988.0,Pizza,5,0.4,2,15000,123,32.5,95.98,0.0,0.0,0.0,0.0,0.315535,1460.16,3.0
50,mountain_dry,mountainous,dry,19.3,446988.0,Swarm_3D2P,5,0.6,3,11003,123,18.0,21.69,0.0122,0.1597,0.0677,0.9323,0.16885100305080414,1075.22,563.2
50,mountain_dry,mountainous,dry,19.3,446988.0,Greedy,5,0.6,3,15000,123,19.0,17.19,0.0,0.0,0.0,0.0,0.154941,1072.77,36.3
50,mountain_dry,mountainous,dry,19.3,446988.0,Pizza,5,0.6,3,15000,123,26.0,70.47,0.0,0.0,0.0,0.0,0.235605,1072.77,4.2
50,mountain_dry,mountainous,dry,19.3,446988.0,Swarm_3D2P,5,0.0,0,11815,456,30.5,52.88,0.0352,0.3196,0.2299,0.7701,0.32003599405288696,2168.39,1064.1
50,mountain_dry,mountainous,dry,19.3,446988.0,Greedy,5,0.0,0,15000,456,28.0,43.74,0.0,0.0,0.0,0.0,0.278361,2234.94,35.5
50,mountain_dry,mountainous,dry,19.3,446988.0,Pizza,5,0.0,0,15000,456,40.0,146.89,0.0,0.0,0.0,0.0,0.441787,2234.94,4.7
50,mountain_dry,mountainous,dry,19.3,446988.0,Swarm_3D2P,5,0.2,1,11800,456,30.0,45.5,0.0295,0.3152,0.1428,0.8572,0.3159720003604889,1821.78,1041.4
50,mountain_dry,mountainous,dry,19.3,446988.0,Greedy,5,0.2,1,15000,456,15.5,30.91,0.0,0.0,0.0,0.0,0.189333,1847.55,40.9
50,mountain_dry,mountainous,dry,19.3,446988.0,Pizza,5,0.2,1,15000,456,34.0,121.5,0.0,0.0,0.0,0.0,0.369835,1847.55,5.1
50,mountain_dry,mountainous,dry,19.3,446988.0,Swarm_3D2P,5,0.4,2,11722,456,23.0,32.71,0.0206,0.2216,0.12,0.88,0.2247840017080307,1436.14,779.4
50,mountain_dry,mountainous,dry,19.3,446988.0,Greedy,5,0.4,2,15000,456,18.0,27.29,0.0,0.0,0.0,0.0,0.19869,1460.16,26.4
50,mountain_dry,mountainous,dry,19.3,446988.0,Pizza,5,0.4,2,15000,456,30.5,95.98,0.0,0.0,0.0,0.0,0.315535,1460.16,3.9
50,mountain_dry,mountainous,dry,19.3,446988.0,Swarm_3D2P,5,0.6,3,11928,456,17.0,23.15,0.0129,0.1727,0.1561,0.8439,0.18112699687480927,1084.6,564.5
50,mountain_dry,mountainous,dry,19.3,446988.0,Greedy,5,0.6,3,15000,456,20.0,28.38,0.0,0.0,0.0,0.0,0.237122,1072.77,24.6
50,mountain_dry,mountainous,dry,19.3,446988.0,Pizza,5,0.6,3,15000,456,25.0,70.47,0.0,0.0,0.0,0.0,0.235605,1072.77,3.8
