total_cells,explored_cells,coverage_ratio,overlap_cells,overlap_ratio,probability_covered,probability_total,probability_coverage_ratio,per_agent_explored,total_timesteps,paths_lengths_m,budget_consumed_m,effective_cells,redundant_visits,efficiency_ratio,time_to_first_victim,info_propagation_latency,coverage_gini,cluster_ratio,mean_pair_distance_cells,scenario,env_type,climate,presence_weight,seed,do_kill,kill_tick,max_steps,budget,recovery_zone_size,kill_applied,recovery_time,recovery_coverage_at_end,elapsed_s
434940,14402,0.03311261323400929,8906,0.3821005663291574,0.303457128048251,1.0,0.303457128048251,"{'drone_0': 4636, 'drone_1': 4824, 'drone_2': 4882, 'drone_3': 4291, 'drone_4': 4675}",2573,"{'drone_0': 99975.51258454012, 'drone_1': 99999.07994944042, 'drone_2': 99975.30572191387, 'drone_3': 99999.63496601704, 'drone_4': 99984.89958160123}","{'drone_0': np.float64(99975.51258452433), 'drone_1': np.float64(99999.07994945771), 'drone_2': np.float64(99975.30572190322), 'drone_3': np.float64(99999.63496602004), 'drone_4': np.float64(99984.8995815931)}",14402,8906,0.6178994336708427,,1122.4566332218506,0.36745890261579106,0.008961141950832672,63.85618556701031,flatT_S_01,flat,temperate,0.0,42,False,-1,15000,100000,0,False,nan,nan,67.71010979999994
434940,15019,0.03453119970570653,9116,0.3777087217733582,0.32515274806735306,1.0,0.32515274806735306,"{'drone_0': 4477, 'drone_1': 5467, 'drone_2': 4580, 'drone_3': 5062, 'drone_4': 4549}",2658,"{'drone_0': 99971.43126617603, 'drone_1': 99998.41365627102, 'drone_2': 99970.05729771618, 'drone_3': 99999.56042467097, 'drone_4': 99976.24844256016}","{'drone_0': np.float64(99971.43126617093), 'drone_1': np.float64(99998.41365626865), 'drone_2': np.float64(99970.05729770758), 'drone_3': np.float64(99999.56042466799), 'drone_4': np.float64(99976.24844256118)}",15019,9116,0.6222912782266418,,1275.3597990890373,0.3426694208771264,0.0,60.64261268781302,flatT_S_01,flat,temperate,0.01,42,False,-1,15000,100000,0,False,nan,nan,51.706068200000004
434940,13068,0.030045523520485583,6605,0.3357393381792304,0.2798325353226687,1.0,0.2798325353226687,"{'drone_0': 4781, 'drone_1': 4429, 'drone_2': 863, 'drone_3': 4891, 'drone_4': 4709}",2626,"{'drone_0': 99975.08217179772, 'drone_1': 99961.97296015527, 'drone_2': 18675.6538619414, 'drone_3': 99990.02405523106, 'drone_4': 99958.69490308696}","{'drone_0': np.float64(99975.08217178949), 'drone_1': np.float64(99961.97296016946), 'drone_2': np.float64(18675.65386193886), 'drone_3': np.float64(99990.02405523126), 'drone_4': np.float64(99958.69490308723)}",13068,6605,0.6642606618207696,,1241.9829973373905,0.35459472472146825,0.008383233532934131,123.18642714570858,flatT_S_01,flat,temperate,0.0,42,True,500,15000,100000,5,True,36,1.0,39.99685469999997
434940,13787,0.03169862509771463,6556,0.3222730177456619,0.3041827566643178,1.0,0.3041827566643178,"{'drone_0': 4359, 'drone_1': 4915, 'drone_2': 1153, 'drone_3': 4629, 'drone_4': 5287}",2634,"{'drone_0': 99972.93802737059, 'drone_1': 99970.01117484298, 'drone_2': 20444.594254894655, 'drone_3': 99968.33937067522, 'drone_4': 99996.39734809689}","{'drone_0': np.float64(99972.93802737106), 'drone_1': np.float64(99970.01117484707), 'drone_2': np.float64(20444.594254894357), 'drone_3': np.float64(99968.33937066309), 'drone_4': np.float64(99996.3973480977)}",13787,6556,0.6777269822543381,,1184.728182487123,0.3295013721442466,0.0,97.87584830339321,flatT_S_01,flat,temperate,0.01,42,True,500,15000,100000,5,True,796,1.0,42.59553979999998
434940,13777,0.031675633420701704,10141,0.42399030019232375,0.3037934555106858,1.0,0.3037934555106858,"{'drone_0': 4966, 'drone_1': 4782, 'drone_2': 4799, 'drone_3': 4633, 'drone_4': 4738}",2606,"{'drone_0': 99974.80903067281, 'drone_1': 99999.09191619475, 'drone_2': 99972.30463770551, 'drone_3': 99968.0123892417, 'drone_4': 99965.61142759121}","{'drone_0': np.float64(99974.80903066616), 'drone_1': np.float64(99999.0919161931), 'drone_2': np.float64(99972.30463770244), 'drone_3': np.float64(99968.01238923916), 'drone_4': np.float64(99965.61142758557)}",13777,10141,0.5760096998076762,,1181.5406571905392,0.36782319902941807,0.008003201280512205,57.755582232893154,flatT_S_01,flat,temperate,0.0,1,False,-1,15000,100000,0,False,nan,nan,43.682935799999996
434940,15702,0.03610153124568906,8494,0.3510497602909572,0.3356724482357549,1.0,0.3356724482357549,"{'drone_0': 4718, 'drone_1': 5485, 'drone_2': 4387, 'drone_3': 5160, 'drone_4': 4446}",2629,"{'drone_0': 99972.41231830786, 'drone_1': 99998.46282974083, 'drone_2': 99984.19214204003, 'drone_3': 99958.93149074668, 'drone_4': 99978.63253491951}","{'drone_0': np.float64(99972.41231830447), 'drone_1': np.float64(99998.46282974313), 'drone_2': np.float64(99984.19214205093), 'drone_3': np.float64(99958.93149074003), 'drone_4': np.float64(99978.63253492049)}",15702,8494,0.6489502397090429,,1270.4240326369143,0.33515291048992313,0.000995850622406639,62.41489626556017,flatT_S_01,flat,temperate,0.01,1,False,-1,15000,100000,0,False,nan,nan,41.42690080000011
434940,13874,0.03189865268772704,6335,0.313474194665743,0.30335168287348324,1.0,0.30335168287348324,"{'drone_0': 4596, 'drone_1': 5117, 'drone_2': 1015, 'drone_3': 4497, 'drone_4': 4984}",2609,"{'drone_0': 99976.47689522516, 'drone_1': 99961.32330053764, 'drone_2': 19759.552850477714, 'drone_3': 99960.49975576936, 'drone_4': 99975.56971117959}","{'drone_0': np.float64(99976.4768952356), 'drone_1': np.float64(99961.32330054244), 'drone_2': np.float64(19759.552850475884), 'drone_3': np.float64(99960.4997557541), 'drone_4': np.float64(99975.56971117391)}",13874,6335,0.686525805334257,,1303.1484082887794,0.3191668761491522,0.029940119760479042,101.42335329341317,flatT_S_01,flat,temperate,0.0,1,True,500,15000,100000,5,True,388,1.0,41.06333449999988
434940,13502,0.03104336230284637,6291,0.31783964027686556,0.292919317357871,1.0,0.292919317357871,"{'drone_0': 4087, 'drone_1': 5488, 'drone_2': 1153, 'drone_3': 4307, 'drone_4': 4758}",2669,"{'drone_0': 99989.28318678016, 'drone_1': 99970.66524555079, 'drone_2': 20444.594254894655, 'drone_3': 99977.51580123456, 'drone_4': 99972.63910083714}","{'drone_0': np.float64(99989.28318677374), 'drone_1': np.float64(99970.66524555552), 'drone_2': np.float64(20444.594254894357), 'drone_3': np.float64(99977.51580122828), 'drone_4': np.float64(99972.63910083556)}",13502,6291,0.6821603597231345,,1313.3501364585006,0.34619035048021307,0.0,108.28043912175649,flatT_S_01,flat,temperate,0.01,1,True,500,15000,100000,5,True,304,1.0,34.31934359999991
434940,13961,0.03209868027773946,9409,0.40261018399657683,0.29889581926852316,1.0,0.29889581926852316,"{'drone_0': 4636, 'drone_1': 4878, 'drone_2': 4772, 'drone_3': 4291, 'drone_4': 4793}",2576,"{'drone_0': 99975.51258454012, 'drone_1': 99989.1625225466, 'drone_2': 99998.91496041286, 'drone_3': 99999.63496601704, 'drone_4': 99958.00756526219}","{'drone_0': np.float64(99975.51258452433), 'drone_1': np.float64(99989.16252256287), 'drone_2': np.float64(99998.91496040387), 'drone_3': np.float64(99999.63496602004), 'drone_4': np.float64(99958.00756525583)}",13961,9409,0.5973898160034232,,1079.2951963698952,0.3723139379084657,0.009014758675708017,61.55975269246111,flatT_S_01,flat,temperate,0.0,7,False,-1,15000,100000,0,False,nan,nan,12.01897329999997
434940,15019,0.03453119970570653,9116,0.3777087217733582,0.32515274806735306,1.0,0.32515274806735306,"{'drone_0': 4477, 'drone_1': 5467, 'drone_2': 4580, 'drone_3': 5062, 'drone_4': 4549}",2658,"{'drone_0': 99971.43126617603, 'drone_1': 99998.41365627102, 'drone_2': 99970.05729771618, 'drone_3': 99999.56042467097, 'drone_4': 99976.24844256016}","{'drone_0': np.float64(99971.43126617093), 'drone_1': np.float64(99998.41365626865), 'drone_2': np.float64(99970.05729770758), 'drone_3': np.float64(99999.56042466799), 'drone_4': np.float64(99976.24844256118)}",15019,9116,0.6222912782266418,,1275.3597990890373,0.3426694208771264,0.0,60.64261268781302,flatT_S_01,flat,temperate,0.01,7,False,-1,15000,100000,0,False,nan,nan,10.925913700000137
434940,12772,0.029364969880903112,6697,0.3439827417946479,0.2692312296695718,1.0,0.2692312296695718,"{'drone_0': 4714, 'drone_1': 4147, 'drone_2': 863, 'drone_3': 4991, 'drone_4': 4754}",2668,"{'drone_0': 99998.33960640883, 'drone_1': 99965.79305018156, 'drone_2': 18675.6538619414, 'drone_3': 99973.83616745393, 'drone_4': 99997.58132324777}","{'drone_0': np.float64(99998.33960639618), 'drone_1': np.float64(99965.7930502034), 'drone_2': np.float64(18675.65386193886), 'drone_3': np.float64(99973.83616744203), 'drone_4': np.float64(99997.58132323487)}",12772,6697,0.6560172582053521,,1298.0471030255092,0.3719195040733183,0.008383233532934131,123.18682634730538,flatT_S_01,flat,temperate,0.0,7,True,500,15000,100000,5,True,36,1.0,11.53016720000005
434940,13787,0.03169862509771463,6556,0.3222730177456619,0.30418868917683994,1.0,0.30418868917683994,"{'drone_0': 4359, 'drone_1': 4915, 'drone_2': 1153, 'drone_3': 4629, 'drone_4': 5287}",2634,"{'drone_0': 99972.93802737059, 'drone_1': 99970.01117484298, 'drone_2': 20444.594254894655, 'drone_3': 99968.33937067522, 'drone_4': 99996.39734809689}","{'drone_0': np.float64(99972.93802737106), 'drone_1': np.float64(99970.01117484707), 'drone_2': np.float64(20444.594254894357), 'drone_3': np.float64(99968.33937066309), 'drone_4': np.float64(99996.3973480977)}",13787,6556,0.6777269822543381,,1184.728182487123,0.3295013721442466,0.0,97.87584830339321,flatT_S_01,flat,temperate,0.01,7,True,500,15000,100000,5,True,796,1.0,12.013228100000106
434940,7582,0.017432289511196946,1324,0.14866382214237592,0.12028739206823502,0.9999999403953552,0.12028739923792273,"{'drone_0': 1527, 'drone_1': 1509, 'drone_2': 1518, 'drone_3': 2789, 'drone_4': 1563}",3153,"{'drone_0': 99974.76193099108, 'drone_1': 99973.51652597262, 'drone_2': 99976.3562710624, 'drone_3': 99971.753654734, 'drone_4': 99997.5074212587}","{'drone_0': np.float64(99974.76193096825), 'drone_1': np.float64(99973.51652595784), 'drone_2': np.float64(99976.35627105681), 'drone_3': np.float64(99971.75365472349), 'drone_4': np.float64(99997.50742125385)}",7582,1324,0.851336177857624,,1385.8381292174047,0.7657849142389475,0.09934369602763385,28.79727115716753,flatT_S_05,flat,temperate,0.0,42,False,-1,15000,100000,0,False,nan,nan,48.85159199999998
434940,7243,0.016652871660458913,1633,0.18397926994141506,0.11146043574217401,0.9999999403953552,0.11146044238573409,"{'drone_0': 1565, 'drone_1': 1660, 'drone_2': 1372, 'drone_3': 2677, 'drone_4': 1602}",3153,"{'drone_0': 99998.28843923596, 'drone_1': 99987.55260582487, 'drone_2': 99984.22878948758, 'drone_3': 99972.45762612097, 'drone_4': 99996.49310200612}","{'drone_0': np.float64(99998.28843920845), 'drone_1': np.float64(99987.55260581672), 'drone_2': np.float64(99984.22878948387), 'drone_3': np.float64(99972.45762611573), 'drone_4': np.float64(99996.49310199842)}",7243,1633,0.816020730058585,,1452.0234781150427,0.7791136184519372,0.08205128205128205,27.807008547008547,flatT_S_05,flat,temperate,0.01,42,False,-1,15000,100000,0,False,nan,nan,89.42134299999998
434940,6922,0.01591483882834414,953,0.12101587301587302,0.10796164271289399,0.9999999403953552,0.10796164914790973,"{'drone_0': 1567, 'drone_1': 1557, 'drone_2': 587, 'drone_3': 2705, 'drone_4': 1459}",3165,"{'drone_0': 99971.35945189378, 'drone_1': 99971.51815788994, 'drone_2': 17218.816024863285, 'drone_3': 99995.4831938439, 'drone_4': 99997.98359324019}","{'drone_0': np.float64(99971.35945186431), 'drone_1': np.float64(99971.5181578829), 'drone_2': np.float64(17218.81602486386), 'drone_3': np.float64(99995.48319382884), 'drone_4': np.float64(99997.98359324178)}",6922,953,0.878984126984127,,1740.0329754601228,0.7513897799078373,0.0,78.72954091816368,flatT_S_05,flat,temperate,0.0,42,True,500,15000,100000,5,True,763,1.0,84.63613539999983
434940,6723,0.015457304455787005,1256,0.15741320967539793,0.10320306443588834,0.9999999403953552,0.1032030705872707,"{'drone_0': 1640, 'drone_1': 1589, 'drone_2': 587, 'drone_3': 2644, 'drone_4': 1519}",3166,"{'drone_0': 99998.47053331666, 'drone_1': 99988.83193121925, 'drone_2': 17218.816024863285, 'drone_3': 99995.53703413936, 'drone_4': 99999.32836207906}","{'drone_0': np.float64(99998.47053329034), 'drone_1': np.float64(99988.83193121685), 'drone_2': np.float64(17218.81602486386), 'drone_3': np.float64(99995.53703412967), 'drone_4': np.float64(99999.3283620733)}",6723,1256,0.842586790324602,,1719.2511383183244,0.7625576569476205,0.0,76.87604790419162,flatT_S_05,flat,temperate,0.01,42,True,500,15000,100000,5,True,697,1.0,89.05631499999981
434940,7662,0.017616222927300317,1320,0.14696058784235136,0.12048388472032912,0.9999999403953552,0.12048389190172869,"{'drone_0': 1592, 'drone_1': 1509, 'drone_2': 1529, 'drone_3': 2789, 'drone_4': 1563}",3153,"{'drone_0': 99999.22798139219, 'drone_1': 99973.51652597262, 'drone_2': 99999.2535849943, 'drone_3': 99971.753654734, 'drone_4': 99997.5074212587}","{'drone_0': np.float64(99999.22798137994), 'drone_1': np.float64(99973.51652595784), 'drone_2': np.float64(99999.25358498875), 'drone_3': np.float64(99971.75365472349), 'drone_4': np.float64(99997.50742125385)}",7662,1320,0.8530394121576487,,1405.8862354123194,0.7645711834869702,0.09761658031088083,29.084006908462868,flatT_S_05,flat,temperate,0.0,1,False,-1,15000,100000,0,False,nan,nan,38.75697070000001
434940,7243,0.016652871660458913,1633,0.18397926994141506,0.11146043574217401,0.9999999403953552,0.11146044238573409,"{'drone_0': 1565, 'drone_1': 1660, 'drone_2': 1372, 'drone_3': 2677, 'drone_4': 1602}",3153,"{'drone_0': 99998.28843923596, 'drone_1': 99987.55260582487, 'drone_2': 99984.22878948758, 'drone_3': 99972.45762612097, 'drone_4': 99996.49310200612}","{'drone_0': np.float64(99998.28843920845), 'drone_1': np.float64(99987.55260581672), 'drone_2': np.float64(99984.22878948387), 'drone_3': np.float64(99972.45762611573), 'drone_4': np.float64(99996.49310199842)}",7243,1633,0.816020730058585,,1452.0234781150427,0.7791136184519372,0.08205128205128205,27.807008547008547,flatT_S_05,flat,temperate,0.01,1,False,-1,15000,100000,0,False,nan,nan,71.06647539999994
434940,6982,0.01605278889042167,906,0.1148580121703854,0.10822213082497001,0.9999999403953552,0.10822213727551205,"{'drone_0': 1618, 'drone_1': 1514, 'drone_2': 587, 'drone_3': 2705, 'drone_4': 1464}",3163,"{'drone_0': 99989.96882056893, 'drone_1': 99988.6370353434, 'drone_2': 17218.816024863285, 'drone_3': 99995.4831938439, 'drone_4': 99962.01086020545}","{'drone_0': np.float64(99989.96882055503), 'drone_1': np.float64(99988.63703533006), 'drone_2': np.float64(17218.81602486386), 'drone_3': np.float64(99995.48319382884), 'drone_4': np.float64(99962.01086020759)}",6982,906,0.8851419878296146,,1765.6840643554874,0.750013446535406,0.0,80.28822355289421,flatT_S_05,flat,temperate,0.0,1,True,500,15000,100000,5,True,763,1.0,73.49331310000002
434940,6723,0.015457304455787005,1256,0.15741320967539793,0.10320306443588834,0.9999999403953552,0.1032030705872707,"{'drone_0': 1640, 'drone_1': 1589, 'drone_2': 587, 'drone_3': 2644, 'drone_4': 1519}",3166,"{'drone_0': 99998.47053331666, 'drone_1': 99988.83193121925, 'drone_2': 17218.816024863285, 'drone_3': 99995.53703413936, 'drone_4': 99999.32836207906}","{'drone_0': np.float64(99998.47053329034), 'drone_1': np.float64(99988.83193121685), 'drone_2': np.float64(17218.81602486386), 'drone_3': np.float64(99995.53703412967), 'drone_4': np.float64(99999.3283620733)}",6723,1256,0.842586790324602,,1719.2511383183244,0.7625576569476205,0.0,76.87604790419162,flatT_S_05,flat,temperate,0.01,1,True,500,15000,100000,5,True,697,1.0,75.0100723999999
434940,7388,0.01698625097714627,1464,0.16538635336647087,0.11738539659575054,0.9999999403953552,0.11738540359246581,"{'drone_0': 1603, 'drone_1': 1504, 'drone_2': 1375, 'drone_3': 2692, 'drone_4': 1678}",3163,"{'drone_0': 99995.56109548881, 'drone_1': 99961.5346882239, 'drone_2': 99968.14415120693, 'drone_3': 99969.5061329403, 'drone_4': 99996.22809586383}","{'drone_0': np.float64(99995.56109546855), 'drone_1': np.float64(99961.53468821949), 'drone_2': np.float64(99968.14415120313), 'drone_3': np.float64(99969.50613292561), 'drone_4': np.float64(99996.22809585376)}",7388,1464,0.8346136466335291,,1520.4228506969623,0.7708592255720534,0.13910942354159475,26.918501898515707,flatT_S_05,flat,temperate,0.0,7,False,-1,15000,100000,0,False,nan,nan,73.00924540000005
434940,7346,0.016889685933692004,1654,0.1837777777777778,0.1148415099835347,0.9999999403953552,0.11484151682862252,"{'drone_0': 1639, 'drone_1': 1548, 'drone_2': 1453, 'drone_3': 2719, 'drone_4': 1641}",3162,"{'drone_0': 99970.8341064172, 'drone_1': 99971.50535608464, 'drone_2': 99994.48540027394, 'drone_3': 99963.93090911949, 'drone_4': 99971.35233376647}","{'drone_0': np.float64(99970.83410640145), 'drone_1': np.float64(99971.50535607808), 'drone_2': np.float64(99994.48540027029), 'drone_3': np.float64(99963.93090910785), 'drone_4': np.float64(99971.35233375775)}",7346,1654,0.8162222222222222,,1466.4089617663772,0.7765602356199994,0.06992815600410537,26.266541224769075,flatT_S_05,flat,temperate,0.01,7,False,-1,15000,100000,0,False,nan,nan,92.24014490000013
434940,6832,0.015707913735227848,1304,0.16027531956735497,0.10840867385184083,0.9999999403953552,0.10840868031350172,"{'drone_0': 1566, 'drone_1': 1573, 'drone_2': 587, 'drone_3': 2790, 'drone_4': 1620}",3158,"{'drone_0': 99975.09704739593, 'drone_1': 99989.02216028114, 'drone_2': 17218.816024863285, 'drone_3': 99996.58856013183, 'drone_4': 99972.90480029031}","{'drone_0': np.float64(99975.09704737041), 'drone_1': np.float64(99989.02216027716), 'drone_2': np.float64(17218.81602486386), 'drone_3': np.float64(99996.58856012534), 'drone_4': np.float64(99972.90480028081)}",6832,1304,0.839724680432645,,1673.010466594933,0.7571865360379695,0.0,71.83632734530939,flatT_S_05,flat,temperate,0.0,7,True,500,15000,100000,5,True,763,1.0,83.70064789999992
434940,6762,0.015546971996137398,1360,0.16744644176311255,0.10636844095199649,0.9999999403953552,0.10636844729205,"{'drone_0': 1667, 'drone_1': 1602, 'drone_2': 587, 'drone_3': 2670, 'drone_4': 1596}",3158,"{'drone_0': 99994.54270874457, 'drone_1': 99972.63165916163, 'drone_2': 17218.816024863285, 'drone_3': 99969.48986297732, 'drone_4': 99998.50893871338}","{'drone_0': np.float64(99994.5427087239), 'drone_1': np.float64(99972.6316591577), 'drone_2': np.float64(17218.81602486386), 'drone_3': np.float64(99969.48986296855), 'drone_4': np.float64(99998.50893870453)}",6762,1360,0.8325535582368875,,1697.9598511555034,0.7585420610472804,0.0,71.83433133732535,flatT_S_05,flat,temperate,0.01,7,True,500,15000,100000,5,True,697,1.0,89.53972560000011
434281,15276,0.03517538183802653,2107,0.12121037795547374,0.2275850191333575,1.0000001192092896,0.22758499200311227,"{'drone_0': 1497, 'drone_1': 5211, 'drone_2': 2658, 'drone_3': 3054, 'drone_4': 4963}",3140,"{'drone_0': 99826.14998648554, 'drone_1': 99812.41262349446, 'drone_2': 99832.68150824934, 'drone_3': 99837.16665287035, 'drone_4': 99814.66282161519}","{'drone_0': np.float64(99826.14998634068), 'drone_1': np.float64(99812.4126234876), 'drone_2': np.float64(99832.68150811564), 'drone_3': np.float64(99837.16665274842), 'drone_4': np.float64(99814.66282157274)}",15276,2107,0.8787896220445263,,1886.3043390310509,0.5280816530710974,0.11420241566014161,91.5978342357351,flatT_S_10,flat,temperate,0.0,42,False,-1,14977,99848,0,False,nan,nan,63.487769899999876
434281,12489,0.028757877963806844,3941,0.23986609860012173,0.19672893570952965,1.0000001192092896,0.1967289122576158,"{'drone_0': 1497, 'drone_1': 2408, 'drone_2': 2400, 'drone_3': 5590, 'drone_4': 4535}",3144,"{'drone_0': 99846.76997391215, 'drone_1': 99847.41379009555, 'drone_2': 99818.92257648973, 'drone_3': 99812.71612137984, 'drone_4': 99840.86701673565}","{'drone_0': np.float64(99846.76997377642), 'drone_1': np.float64(99847.41378999842), 'drone_2': np.float64(99818.92257633673), 'drone_3': np.float64(99812.71612136593), 'drone_4': np.float64(99840.86701668188)}",12489,3941,0.7601339013998782,,1858.3169918565884,0.5733468439357183,0.15038633590890607,79.6197234648231,flatT_S_10,flat,temperate,0.01,42,False,-1,14977,99848,0,False,nan,nan,58.3181426000001
434281,14168,0.03262403835304791,1833,0.1145553402912318,0.19530081409948252,1.0000001192092896,0.195300790817814,"{'drone_0': 1566, 'drone_1': 5211, 'drone_2': 1242, 'drone_3': 3019, 'drone_4': 4963}",3169,"{'drone_0': 99826.30173543833, 'drone_1': 99812.41262349446, 'drone_2': 19851.52393259326, 'drone_3': 99837.5330072016, 'drone_4': 99844.70834513652}","{'drone_0': np.float64(99826.30173527963), 'drone_1': np.float64(99812.4126234876), 'drone_2': np.float64(19851.52393258619), 'drone_3': np.float64(99837.53300709554), 'drone_4': np.float64(99844.70834509321)}",14168,1833,0.8854446597087682,,1993.5546451240623,0.4730862359101182,0.0,152.92594810379242,flatT_S_10,flat,temperate,0.0,42,True,500,14977,99848,5,True,nan,0.0,54.167665099999795
434281,11933,0.027477600908167754,3541,0.2288354659428719,0.18400818173029165,1.0000001192092896,0.18400815979480964,"{'drone_0': 1652, 'drone_1': 2417, 'drone_2': 1306, 'drone_3': 5590, 'drone_4': 4509}",3159,"{'drone_0': 99824.53282016388, 'drone_1': 99847.78014447518, 'drone_2': 19328.822872696997, 'drone_3': 99812.71612137984, 'drone_4': 99840.86701673697}","{'drone_0': np.float64(99824.53282001382), 'drone_1': np.float64(99847.78014434513), 'drone_2': np.float64(19328.82287269339), 'drone_3': np.float64(99812.71612136593), 'drone_4': np.float64(99840.86701668188)}",11933,3541,0.771164534057128,,1933.7780983291261,0.506668515025618,0.0,134.29880239520958,flatT_S_10,flat,temperate,0.01,42,True,500,14977,99848,5,True,48,1.0,49.39856839999993
434281,12996,0.029925324847276304,1808,0.12212915428262631,0.2075149469610551,1.0000001192092896,0.20751492222334866,"{'drone_0': 1475, 'drone_1': 5214, 'drone_2': 2477, 'drone_3': 2825, 'drone_4': 2813}",3144,"{'drone_0': 99846.76997391017, 'drone_1': 99844.59341662696, 'drone_2': 99820.02163952473, 'drone_3': 99844.82327369125, 'drone_4': 99832.01165602605}","{'drone_0': np.float64(99846.76997377642), 'drone_1': np.float64(99844.59341662105), 'drone_2': np.float64(99820.02163937716), 'drone_3': np.float64(99844.82327356726), 'drone_4': np.float64(99832.01165588954)}",12996,1808,0.8778708457173737,,1894.9971447766209,0.6007001896074555,0.22433333333333333,76.576375,flatT_S_10,flat,temperate,0.0,1,False,-1,14977,99848,0,False,nan,nan,70.16784270000016
434281,13549,0.031198693933190722,1841,0.11962313190383365,0.20409654051377402,1.0000001192092896,0.20409651618357333,"{'drone_0': 1497, 'drone_1': 2408, 'drone_2': 2400, 'drone_3': 3697, 'drone_4': 5388}",3144,"{'drone_0': 99846.76997391215, 'drone_1': 99847.41379009555, 'drone_2': 99818.92257648973, 'drone_3': 99822.19372954006, 'drone_4': 99840.99272963376}","{'drone_0': np.float64(99846.76997377642), 'drone_1': np.float64(99847.41378999842), 'drone_2': np.float64(99818.92257633673), 'drone_3': np.float64(99822.19372945448), 'drone_4': np.float64(99840.99272962021)}",13549,1841,0.8803768680961663,,1896.2338869335679,0.5909461289916333,0.14179591836734695,73.15881632653061,flatT_S_10,flat,temperate,0.01,1,False,-1,14977,99848,0,False,nan,nan,46.27947909999966
434281,12224,0.028147673971460875,1232,0.09155766944114149,0.1933320403450125,1.0000001192092896,0.19333201729804006,"{'drone_0': 1510, 'drone_1': 5214, 'drone_2': 1242, 'drone_3': 2728, 'drone_4': 2762}",3152,"{'drone_0': 99825.78363214129, 'drone_1': 99844.59341662696, 'drone_2': 19851.52393259326, 'drone_3': 99841.43719210256, 'drone_4': 99840.55273446931}","{'drone_0': np.float64(99825.7836319938), 'drone_1': np.float64(99844.59341662105), 'drone_2': np.float64(19851.52393258619), 'drone_3': np.float64(99841.4371919743), 'drone_4': np.float64(99840.55273434123)}",12224,1232,0.9084423305588585,,2032.3646211728076,0.548177425136954,0.0,152.24271457085828,flatT_S_10,flat,temperate,0.0,1,True,500,14977,99848,5,True,nan,0.0,51.00102579999975
434281,12981,0.029890784998652945,1429,0.09916724496877169,0.19199999732973083,1.0000001192092896,0.1919999744415503,"{'drone_0': 1652, 'drone_1': 2417, 'drone_2': 1306, 'drone_3': 3647, 'drone_4': 5388}",3159,"{'drone_0': 99824.53282016388, 'drone_1': 99847.78014447518, 'drone_2': 19328.822872696997, 'drone_3': 99823.96264481067, 'drone_4': 99840.99272963376}","{'drone_0': np.float64(99824.53282001382), 'drone_1': np.float64(99847.78014434513), 'drone_2': np.float64(19328.82287269339), 'drone_3': np.float64(99823.96264472058), 'drone_4': np.float64(99840.99272962021)}",12981,1429,0.9008327550312283,,1999.857781862745,0.528521113528664,0.0,160.4872255489022,flatT_S_10,flat,temperate,0.01,1,True,500,14977,99848,5,True,48,1.0,62.89596889999984
434281,14893,0.03429346436984349,1518,0.09249893364206935,0.21726555679060766,1.0000001192092896,0.21726553089053807,"{'drone_0': 1583, 'drone_1': 5214, 'drone_2': 2432, 'drone_3': 2227, 'drone_4': 4955}",3155,"{'drone_0': 99828.80335938411, 'drone_1': 99807.2576266358, 'drone_2': 99831.9487995594, 'drone_3': 99844.02770856232, 'drone_4': 99835.28280905115}","{'drone_0': np.float64(99828.80335923954), 'drone_1': np.float64(99807.25762662869), 'drone_2': np.float64(99831.94879942203), 'drone_3': np.float64(99844.02770840596), 'drone_4': np.float64(99835.2828090084)}",14893,1518,0.9075010663579307,,1819.2973664569784,0.5481716943993264,0.137,90.25045833333333,flatT_S_10,flat,temperate,0.0,7,False,-1,14977,99848,0,False,nan,nan,71.33770630000026
434281,11203,0.025796661608497723,3138,0.2188131929433094,0.1907279504687267,1.0000001192092896,0.19072792773218594,"{'drone_0': 2245, 'drone_1': 2588, 'drone_2': 2356, 'drone_3': 4596, 'drone_4': 2556}",3095,"{'drone_0': 99818.18986778067, 'drone_1': 99845.85948021346, 'drone_2': 99834.235818101, 'drone_3': 99822.53404784991, 'drone_4': 99818.2527242498}","{'drone_0': np.float64(99818.18986764376), 'drone_1': np.float64(99845.85948014022), 'drone_2': np.float64(99834.2358179745), 'drone_3': np.float64(99822.53404779854), 'drone_4': np.float64(99818.25272411096)}",11203,3138,0.7811868070566906,,1705.5249873517341,0.6534859605450196,0.09261385380788366,52.8211251435132,flatT_S_10,flat,temperate,0.01,7,False,-1,14977,99848,0,False,nan,nan,56.396182599999975
434281,13975,0.03217962563409405,1019,0.06796051754034947,0.20039501111932623,1.0000001192092896,0.20039498723038218,"{'drone_0': 1530, 'drone_1': 5214, 'drone_2': 1242, 'drone_3': 2045, 'drone_4': 4963}",3152,"{'drone_0': 99825.78363214186, 'drone_1': 99807.2576266358, 'drone_2': 19851.52393259326, 'drone_3': 99844.1794575093, 'drone_4': 99819.81781847152}","{'drone_0': np.float64(99825.78363199375), 'drone_1': np.float64(99807.25762662869), 'drone_2': np.float64(19851.52393258619), 'drone_3': np.float64(99844.1794573449), 'drone_4': np.float64(99819.81781843165)}",13975,1019,0.9320394824596505,,1930.4676576688644,0.49104322052750304,0.0,154.6998003992016,flatT_S_10,flat,temperate,0.0,7,True,500,14977,99848,5,True,nan,0.0,58.45698110000012
434281,9999,0.02302426309232962,2489,0.19931133888532993,0.1728726344711049,1.0000001192092896,0.17287261386308342,"{'drone_0': 1452, 'drone_1': 2522, 'drone_2': 1306, 'drone_3': 4655, 'drone_4': 2553}",3136,"{'drone_0': 99817.97526236915, 'drone_1': 99821.12070255543, 'drone_2': 19328.822872696997, 'drone_3': 99823.78485982826, 'drone_4': 99843.14325090493}","{'drone_0': np.float64(99817.9752622357), 'drone_1': np.float64(99821.12070241771), 'drone_2': np.float64(19328.82287269339), 'drone_3': np.float64(99823.7848597785), 'drone_4': np.float64(99843.14325077264)}",9999,2489,0.8006886611146701,,1900.0924839340598,0.6304231133479574,0.0,130.49560878243514,flatT_S_10,flat,temperate,0.01,7,True,500,14977,99848,5,True,48,1.0,57.58934070000032
762129,27323,0.035850886136074074,7262,0.20997542287118692,0.38670969594136295,1.0,0.38670969594136295,"{'drone_0': 6399, 'drone_1': 7711, 'drone_2': 6031, 'drone_3': 5875, 'drone_4': 8569}",3814,"{'drone_0': 132259.94834954565, 'drone_1': 132264.70555570882, 'drone_2': 132234.78289254277, 'drone_3': 132251.1138021287, 'drone_4': 132254.34446737397}","{'drone_0': np.float64(132259.94834960662), 'drone_1': np.float64(132264.7055557729), 'drone_2': np.float64(132234.78289269452), 'drone_3': np.float64(132251.11380218485), 'drone_4': np.float64(132254.3444674124)}",27323,7262,0.790024577128813,,1946.8517747019323,0.4114437123625956,0.0,190.7684253690541,flatD_M_31,flat,dry,0.0,42,False,-1,19840,132272,0,False,nan,nan,100.44657830000006
762129,25010,0.03281596685075624,11009,0.30564424331602763,0.46617410096905587,1.0,0.46617410096905587,"{'drone_0': 6617, 'drone_1': 7249, 'drone_2': 7732, 'drone_3': 6874, 'drone_4': 7547}",3753,"{'drone_0': 132244.1977410664, 'drone_1': 132262.57270726858, 'drone_2': 132271.38124821434, 'drone_3': 132248.31186096635, 'drone_4': 132270.13185455307}","{'drone_0': np.float64(132244.197741118), 'drone_1': np.float64(132262.57270735275), 'drone_2': np.float64(132271.38124829443), 'drone_3': np.float64(132248.31186108806), 'drone_4': np.float64(132270.13185461666)}",25010,11009,0.6943557566839723,,1940.2118560676577,0.4178109033755135,0.0,141.12027675797796,flatD_M_31,flat,dry,0.01,42,False,-1,19840,132272,0,False,nan,nan,108.20778999999993
762129,23320,0.03059849448059318,5574,0.19291202325742368,0.3539390470939452,1.0,0.3539390470939452,"{'drone_0': 5902, 'drone_1': 7531, 'drone_2': 1147, 'drone_3': 5813, 'drone_4': 8501}",3898,"{'drone_0': 132232.52447379936, 'drone_1': 132242.49361675276, 'drone_2': 18958.83358106368, 'drone_3': 132248.61501480066, 'drone_4': 132270.6753768581}","{'drone_0': np.float64(132232.52447388432), 'drone_1': np.float64(132242.49361682826), 'drone_2': np.float64(18958.833581062383), 'drone_3': np.float64(132248.61501482865), 'drone_4': np.float64(132270.6753769024)}",23320,5574,0.8070879767425763,,2088.598606717372,0.3948786758799858,0.0,311.36706586826347,flatD_M_31,flat,dry,0.0,42,True,500,19840,132272,5,True,nan,0.0,107.23973139999998
762129,21016,0.02757538421973183,8616,0.29076673866090713,0.44319995856494643,1.0,0.44319995856494643,"{'drone_0': 6617, 'drone_1': 7249, 'drone_2': 1345, 'drone_3': 6874, 'drone_4': 7547}",3753,"{'drone_0': 132244.1977410664, 'drone_1': 132262.57270726858, 'drone_2': 19853.876495226305, 'drone_3': 132248.31186096635, 'drone_4': 132270.13185455307}","{'drone_0': np.float64(132244.197741118), 'drone_1': np.float64(132262.57270735275), 'drone_2': np.float64(19853.876495221048), 'drone_3': np.float64(132248.31186108806), 'drone_4': np.float64(132270.13185461666)}",21016,8616,0.7092332613390929,,1963.1104613385314,0.4111164105434204,0.0,268.6882235528942,flatD_M_31,flat,dry,0.01,42,True,500,19840,132272,5,True,nan,0.0,108.9743668000001
762129,26205,0.03438394287581236,9125,0.25827908293235213,0.39856085380165496,1.0,0.39856085380165496,"{'drone_0': 5603, 'drone_1': 7496, 'drone_2': 7277, 'drone_3': 6149, 'drone_4': 8805}",3857,"{'drone_0': 132257.6011390353, 'drone_1': 132268.45373673225, 'drone_2': 132253.73815986983, 'drone_3': 132242.49361674068, 'drone_4': 132242.1276779166}","{'drone_0': np.float64(132257.60113912087), 'drone_1': np.float64(132268.45373680713), 'drone_2': np.float64(132253.73815993135), 'drone_3': np.float64(132242.49361682875), 'drone_4': np.float64(132242.1276778924)}",26205,9125,0.7417209170676479,,1973.4294846395646,0.4159873770366338,0.0,185.74537396121883,flatD_M_31,flat,dry,0.0,1,False,-1,19840,132272,0,False,nan,nan,99.16280379999989
762129,22637,0.029702320735728465,13376,0.37142143114986254,0.4467772019897893,1.0,0.4467772019897893,"{'drone_0': 7737, 'drone_1': 6189, 'drone_2': 7289, 'drone_3': 7032, 'drone_4': 7766}",3753,"{'drone_0': 132266.38367364055, 'drone_1': 132269.0600441826, 'drone_2': 132230.731557844, 'drone_3': 132247.49119142717, 'drone_4': 132270.95252406495}","{'drone_0': np.float64(132266.38367358226), 'drone_1': np.float64(132269.06004428896), 'drone_2': np.float64(132230.73155791993), 'drone_3': np.float64(132247.491191541), 'drone_4': np.float64(132270.95252416338)}",22637,13376,0.6285785688501374,,1883.163716255461,0.4415377900263844,0.0,116.01314093583638,flatD_M_31,flat,dry,0.01,1,False,-1,19840,132272,0,False,nan,nan,121.9036430000001
762129,22837,0.029964743501428234,6176,0.21287009271705787,0.3714114299989433,1.0,0.3714114299989433,"{'drone_0': 5729, 'drone_1': 7994, 'drone_2': 1160, 'drone_3': 6149, 'drone_4': 7981}",3879,"{'drone_0': 132246.57095799944, 'drone_1': 132249.8384019844, 'drone_2': 18971.264732651613, 'drone_3': 132242.49361674068, 'drone_4': 132255.59386107183}","{'drone_0': np.float64(132246.57095808384), 'drone_1': np.float64(132249.83840202645), 'drone_2': np.float64(18971.26473264792), 'drone_3': np.float64(132242.49361682875), 'drone_4': np.float64(132255.59386109034)}",22837,6176,0.7871299072829421,,2096.2283717541072,0.3983672504237763,0.0,331.05309381237527,flatD_M_31,flat,dry,0.0,1,True,500,19840,132272,5,True,nan,0.0,107.35093919999963
762129,20196,0.026499450880362773,8191,0.2885475745940043,0.41484930766000616,1.0,0.41484930766000616,"{'drone_0': 6975, 'drone_1': 7803, 'drone_2': 1290, 'drone_3': 5066, 'drone_4': 7253}",3859,"{'drone_0': 132264.42840836482, 'drone_1': 132249.90118715953, 'drone_2': 19095.57624850775, 'drone_3': 132267.89944205922, 'drone_4': 132256.23694719153}","{'drone_0': np.float64(132264.42840851264), 'drone_1': np.float64(132249.90118722196), 'drone_2': np.float64(19095.57624850329), 'drone_3': np.float64(132267.89944228617), 'drone_4': np.float64(132256.23694728702)}",20196,8191,0.7114524254059957,,2154.288337322535,0.44416335678365093,0.0,223.68602794411177,flatD_M_31,flat,dry,0.01,1,True,500,19840,132272,5,True,nan,0.0,105.74196930000016
762129,23863,0.03131097228946805,11059,0.31667716625622816,0.4354687350955828,1.0,0.4354687350955828,"{'drone_0': 6635, 'drone_1': 7379, 'drone_2': 6180, 'drone_3': 7140, 'drone_4': 7588}",3742,"{'drone_0': 132262.1439832438, 'drone_1': 132243.7430104162, 'drone_2': 132263.0902230494, 'drone_3': 132262.57270725857, 'drone_4': 132237.3444651502}","{'drone_0': np.float64(132262.14398322185), 'drone_1': np.float64(132243.74301050638), 'drone_2': np.float64(132263.090223159), 'drone_3': np.float64(132262.572707353), 'drone_4': np.float64(132237.34446524546)}",23863,11059,0.6833228337437718,,2064.5311738606347,0.42983780981944575,0.008633879781420765,145.16281420765029,flatD_M_31,flat,dry,0.0,7,False,-1,19840,132272,0,False,nan,nan,108.57262590000028
762129,25385,0.033308009536443306,10436,0.2913374835990062,0.4580895374760985,1.0,0.4580895374760985,"{'drone_0': 7216, 'drone_1': 6238, 'drone_2': 7747, 'drone_3': 8128, 'drone_4': 6492}",3729,"{'drone_0': 132253.67537463, 'drone_1': 132259.85955787005, 'drone_2': 132254.16688400588, 'drone_3': 132248.65179353618, 'drone_4': 132232.4984672507}","{'drone_0': np.float64(132253.6753747362), 'drone_1': np.float64(132259.85955793143), 'drone_2': np.float64(132254.16688406223), 'drone_3': np.float64(132248.65179354386), 'drone_4': np.float64(132232.498467404)}",25385,10436,0.7086625164009939,,1861.396770869117,0.40139342872618,0.0,138.4048469387755,flatD_M_31,flat,dry,0.01,7,False,-1,19840,132272,0,False,nan,nan,107.52417110000033
762129,22266,0.02921552650535539,9149,0.2912303039949069,0.41985177780088634,1.0,0.41985177780088634,"{'drone_0': 6893, 'drone_1': 7715, 'drone_2': 1193, 'drone_3': 7960, 'drone_4': 7654}",3707,"{'drone_0': 132255.95979995857, 'drone_1': 132242.7079788289, 'drone_2': 18958.833581064348, 'drone_3': 132246.9736757378, 'drone_4': 132257.0576167473}","{'drone_0': np.float64(132255.9598000268), 'drone_1': np.float64(132242.70797889403), 'drone_2': np.float64(18958.833581062383), 'drone_3': np.float64(132246.97367573474), 'drone_4': np.float64(132257.057616834)}",22266,9149,0.7087696960050931,,1988.671598861345,0.3790153430122476,0.0,306.56546906187623,flatD_M_31,flat,dry,0.0,7,True,500,19840,132272,5,True,nan,0.0,112.56611049999992
762129,18297,0.02400774672004346,10118,0.356079535456625,0.41081918439567744,1.0,0.41081918439567744,"{'drone_0': 6595, 'drone_1': 6546, 'drone_2': 1301, 'drone_3': 6545, 'drone_4': 7428}",3725,"{'drone_0': 132261.6264672931, 'drone_1': 132257.72670945016, 'drone_2': 18797.228610452035, 'drone_3': 132248.31186093783, 'drone_4': 132237.55882723696}","{'drone_0': np.float64(132261.6264674158), 'drone_1': np.float64(132257.72670951104), 'drone_2': np.float64(18797.228610450402), 'drone_3': np.float64(132248.311861088), 'drone_4': np.float64(132237.5588273114)}",18297,10118,0.6439204645433749,,1847.8419472511864,0.4638085660305624,0.0,199.30239520958085,flatD_M_31,flat,dry,0.01,7,True,500,19840,132272,5,True,2780,1.0,113.06091549999974
762129,23975,0.031457929038259926,1496,0.05873346158376193,0.23404970898093325,1.0,0.23404970898093325,"{'drone_0': 2399, 'drone_1': 6524, 'drone_2': 5098, 'drone_3': 4331, 'drone_4': 7119}",4266,"{'drone_0': 132250.30836686277, 'drone_1': 132271.3812483233, 'drone_2': 132241.52137044084, 'drone_3': 132237.2188948435, 'drone_4': 132245.94941637028}","{'drone_0': np.float64(132250.30836688346), 'drone_1': np.float64(132271.38124829528), 'drone_2': np.float64(132241.5213704119), 'drone_3': np.float64(132237.21889485646), 'drone_4': np.float64(132245.9494163593)}",23975,1496,0.9412665384162381,,2714.7459556387166,0.44692602215727795,0.0,166.72595731324546,flatD_M_35,flat,dry,0.0,42,False,-1,19840,132272,0,False,nan,nan,124.77131869999994
762129,34897,0.04578883627312436,3954,0.10177344212504183,0.21412005918904242,1.0,0.21412005918904242,"{'drone_0': 8858, 'drone_1': 8103, 'drone_2': 6234, 'drone_3': 7688, 'drone_4': 7968}",3357,"{'drone_0': 132256.27372599696, 'drone_1': 132245.5206922358, 'drone_2': 132242.07566492655, 'drone_3': 132243.9053596182, 'drone_4': 132231.84014699614}","{'drone_0': np.float64(132256.27372600438), 'drone_1': np.float64(132245.52069222808), 'drone_2': np.float64(132242.07566493354), 'drone_3': np.float64(132243.90535961435), 'drone_4': np.float64(132231.84014696477)}",34897,3954,0.8982265578749582,,1696.9802874221036,0.13969267131916885,0.0,255.6451652386781,flatD_M_35,flat,dry,0.01,42,False,-1,19840,132272,0,False,nan,nan,83.91829719999987
762129,20088,0.0263577425868849,1447,0.06719294172277687,0.18783565739511232,1.0,0.18783565739511232,"{'drone_0': 2399, 'drone_1': 6524, 'drone_2': 1162, 'drone_3': 4331, 'drone_4': 7119}",4266,"{'drone_0': 132250.30836686277, 'drone_1': 132271.3812483233, 'drone_2': 20226.81104278817, 'drone_3': 132237.2188948435, 'drone_4': 132245.94941637028}","{'drone_0': np.float64(132250.30836688346), 'drone_1': np.float64(132271.38124829528), 'drone_2': np.float64(20226.811042787158), 'drone_3': np.float64(132237.21889485646), 'drone_4': np.float64(132245.9494163593)}",20088,1447,0.9328070582772231,,2743.90794649882,0.4491673633754478,0.0,285.74910179640716,flatD_M_35,flat,dry,0.0,42,True,500,19840,132272,5,True,nan,0.0,134.29401540000072
762129,30098,0.039492002010158386,3709,0.10971100659626705,0.16855746841218888,1.0,0.16855746841218888,"{'drone_0': 8858, 'drone_1': 8103, 'drone_2': 1190, 'drone_3': 7688, 'drone_4': 7968}",3357,"{'drone_0': 132256.27372599696, 'drone_1': 132245.5206922358, 'drone_2': 21121.853956946383, 'drone_3': 132243.9053596182, 'drone_4': 132231.84014699614}","{'drone_0': np.float64(132256.27372600438), 'drone_1': np.float64(132245.52069222808), 'drone_2': np.float64(21121.853956945823), 'drone_3': np.float64(132243.90535961435), 'drone_4': np.float64(132231.84014696477)}",30098,3709,0.8902889934037329,,1723.9508779141465,0.11592099423384417,0.0,311.55249500998,flatD_M_35,flat,dry,0.01,42,True,500,19840,132272,5,True,nan,0.0,76.68722239999988
762129,23744,0.031154830743876694,2356,0.09026819923371647,0.2311873323577629,1.0,0.2311873323577629,"{'drone_0': 2870, 'drone_1': 6850, 'drone_2': 4925, 'drone_3': 4327, 'drone_4': 7128}",4154,"{'drone_0': 132245.43636260976, 'drone_1': 132242.98512616986, 'drone_2': 132271.16688626734, 'drone_3': 132257.8155011636, 'drone_4': 132258.38056795468}","{'drone_0': np.float64(132245.43636256162), 'drone_1': np.float64(132242.98512615566), 'drone_2': np.float64(132271.16688622974), 'drone_3': np.float64(132257.81550118705), 'drone_4': np.float64(132258.38056794484)}",23744,2356,0.9097318007662836,,2640.8158551338274,0.44098646774941685,0.0,168.29695543000628,flatD_M_35,flat,dry,0.0,1,False,-1,19840,132272,0,False,nan,nan,109.55133370000021
762129,30404,0.03989350884167903,4164,0.12045822726220783,0.20467321568492025,1.0,0.20467321568492025,"{'drone_0': 4312, 'drone_1': 7130, 'drone_2': 6899, 'drone_3': 7695, 'drone_4': 8532}",4053,"{'drone_0': 132259.9115708851, 'drone_1': 132269.954271279, 'drone_2': 132240.00560173462, 'drone_3': 132252.07081436308, 'drone_4': 132248.7773639652}","{'drone_0': np.float64(132259.9115708921), 'drone_1': np.float64(132269.95427126746), 'drone_2': np.float64(132240.00560170916), 'drone_3': np.float64(132252.0708143594), 'drone_4': np.float64(132248.77736393636)}",30404,4164,0.8795417727377922,,2432.915018399264,0.26516598597298313,0.0,233.3853613906679,flatD_M_35,flat,dry,0.01,1,False,-1,19840,132272,0,False,nan,nan,88.53241340000022
762129,19942,0.026166173967924065,2356,0.10565970042156247,0.1841094298703183,1.0,0.1841094298703183,"{'drone_0': 2870, 'drone_1': 6850, 'drone_2': 1123, 'drone_3': 4327, 'drone_4': 7128}",4154,"{'drone_0': 132245.43636260976, 'drone_1': 132242.98512616986, 'drone_2': 20699.1948030488, 'drone_3': 132257.8155011636, 'drone_4': 132258.38056795468}","{'drone_0': np.float64(132245.43636256162), 'drone_1': np.float64(132242.98512615566), 'drone_2': np.float64(20699.194803037564), 'drone_3': np.float64(132257.81550118705), 'drone_4': np.float64(132258.38056794484)}",19942,2356,0.8943402995784375,,2678.922532074127,0.4380433526983225,0.0,282.1936127744511,flatD_M_35,flat,dry,0.0,1,True,500,19840,132272,5,True,nan,0.0,131.5724951000002
762129,25937,0.03403229636977467,2892,0.10031565437580214,0.14786907845507358,1.0,0.14786907845507358,"{'drone_0': 4312, 'drone_1': 7130, 'drone_2': 1166, 'drone_3': 7689, 'drone_4': 8532}",4053,"{'drone_0': 132259.9115708851, 'drone_1': 132269.954271279, 'drone_2': 20835.937470485806, 'drone_3': 132243.9053596182, 'drone_4': 132248.7773639652}","{'drone_0': np.float64(132259.9115708921), 'drone_1': np.float64(132269.95427126746), 'drone_2': np.float64(20835.93747047847), 'drone_3': np.float64(132243.90535961435), 'drone_4': np.float64(132248.77736393636)}",25937,2892,0.8996843456241979,,2469.145374449339,0.2742161085533563,0.0,298.251497005988,flatD_M_35,flat,dry,0.01,1,True,500,19840,132272,5,True,nan,0.0,98.84000000000015
762129,20367,0.026723822345036077,1720,0.07787386245302667,0.22557335773069553,1.0,0.22557335773069553,"{'drone_0': 2876, 'drone_1': 6392, 'drone_2': 3674, 'drone_3': 4102, 'drone_4': 5043}",4163,"{'drone_0': 132254.48527209944, 'drone_1': 132268.3649451427, 'drone_2': 132264.1512612897, 'drone_3': 132246.41938119984, 'drone_4': 132271.77319370338}","{'drone_0': np.float64(132254.4852720488), 'drone_1': np.float64(132268.36494513298), 'drone_2': np.float64(132264.15126125267), 'drone_3': np.float64(132246.41938121407), 'drone_4': np.float64(132271.77319371144)}",20367,1720,0.9221261375469734,,2651.0389066837497,0.5486905197303527,0.0059355568117580556,122.81359525155455,flatD_M_35,flat,dry,0.0,7,False,-1,19840,132272,0,False,nan,nan,125.87696000000051
762129,32450,0.04257809373478768,463,0.014067389785191262,0.19582748593182941,1.0,0.19582748593182941,"{'drone_0': 2457, 'drone_1': 8065, 'drone_2': 6735, 'drone_3': 7689, 'drone_4': 7967}",4239,"{'drone_0': 132248.02394157098, 'drone_1': 132250.66984382295, 'drone_2': 132236.90050689832, 'drone_3': 132243.9053596182, 'drone_4': 132256.70245016742}","{'drone_0': np.float64(132248.02394159292), 'drone_1': np.float64(132250.66984381076), 'drone_2': np.float64(132236.90050687204), 'drone_3': np.float64(132243.90535961435), 'drone_4': np.float64(132256.70245013584)}",32450,463,0.9859326102148087,,2526.904232370188,0.23652761195566607,0.0,252.67812401636763,flatD_M_35,flat,dry,0.01,7,False,-1,19840,132272,0,False,nan,nan,64.6821899000006
762129,18621,0.024432871600477083,1001,0.05101416777086943,0.20390168154710864,1.0,0.20390168154710864,"{'drone_0': 2876, 'drone_1': 6392, 'drone_2': 1200, 'drone_3': 4111, 'drone_4': 5043}",4163,"{'drone_0': 132254.48527209944, 'drone_1': 132268.3649451427, 'drone_2': 20052.77492058834, 'drone_3': 132269.14883594617, 'drone_4': 132271.77319370338}","{'drone_0': np.float64(132254.4852720488), 'drone_1': np.float64(132268.36494513298), 'drone_2': np.float64(20052.77492058964), 'drone_3': np.float64(132269.14883596488), 'drone_4': np.float64(132271.77319371144)}",18621,1001,0.9489858322291306,,2710.260518815516,0.5063238024610235,0.0,277.4676646706587,flatD_M_35,flat,dry,0.0,7,True,500,19840,132272,5,True,nan,0.0,124.8002507000001
762129,26911,0.03531029523873255,431,0.01576329456513788,0.1623909580375198,1.0,0.1623909580375198,"{'drone_0': 2457, 'drone_1': 8065, 'drone_2': 1164, 'drone_3': 7689, 'drone_4': 7967}",4239,"{'drone_0': 132248.02394157098, 'drone_1': 132250.66984382295, 'drone_2': 20898.09322841263, 'drone_3': 132243.9053596182, 'drone_4': 132256.70245016742}","{'drone_0': np.float64(132248.02394159292), 'drone_1': np.float64(132250.66984381076), 'drone_2': np.float64(20898.093228406156), 'drone_3': np.float64(132243.90535961435), 'drone_4': np.float64(132256.70245013584)}",26911,431,0.9842367054348621,,2576.029332162973,0.2674436941102729,0.0,293.0588822355289,flatD_M_35,flat,dry,0.01,7,True,500,19840,132272,5,True,nan,0.0,96.08177889999934
762129,16704,0.021917549391244788,1695,0.09212457198760803,0.2144379182245757,0.9999999403953552,0.2144379310060724,"{'drone_0': 2737, 'drone_1': 2650, 'drone_2': 4288, 'drone_3': 3470, 'drone_4': 5254}",4210,"{'drone_0': 132260.3035164897, 'drone_1': 132237.27090786098, 'drone_2': 132268.72011192067, 'drone_3': 132262.56193523962, 'drone_4': 132263.63374546054}","{'drone_0': np.float64(132260.30351630787), 'drone_1': np.float64(132237.27090781624), 'drone_2': np.float64(132268.72011183345), 'drone_3': np.float64(132262.5619351186), 'drone_4': np.float64(132263.63374544596)}",16704,1695,0.907875428012392,,2369.9285751853995,0.6588282161362422,0.0,122.76207610665286,flatD_M_40,flat,dry,0.0,42,False,-1,19840,132272,0,False,nan,nan,122.28489460000037
762129,17392,0.022820283705252,1019,0.05534734669491065,0.21930364949821524,0.9999999403953552,0.21930366256973213,"{'drone_0': 2863, 'drone_1': 2385, 'drone_2': 3187, 'drone_3': 2593, 'drone_4': 7383}",4193,"{'drone_0': 132259.78600072567, 'drone_1': 132264.05169731437, 'drone_2': 132239.680903536, 'drone_3': 132268.5945414982, 'drone_4': 132247.09924619953}","{'drone_0': np.float64(132259.7860005015), 'drone_1': np.float64(132264.05169734205), 'drone_2': np.float64(132239.68090349724), 'drone_3': np.float64(132268.59454144334), 'drone_4': np.float64(132247.0992461252)}",17392,1019,0.9446526533050893,,2491.233539526106,0.6368676376172842,0.0,135.52525802752294,flatD_M_40,flat,dry,0.01,42,False,-1,19840,132272,0,False,nan,nan,146.51097110000046
762129,13637,0.017893296279238816,994,0.06793793999043128,0.18436769599679792,0.9999999403953552,0.1843677069859696,"{'drone_0': 2737, 'drone_1': 2490, 'drone_2': 1093, 'drone_3': 3470, 'drone_4': 4841}",4210,"{'drone_0': 132260.3035164897, 'drone_1': 132257.50157519808, 'drone_2': 19393.9238865464, 'drone_3': 132262.56193523962, 'drone_4': 132258.27023183389}","{'drone_0': np.float64(132260.30351630787), 'drone_1': np.float64(132257.50157521095), 'drone_2': np.float64(19393.92388655618), 'drone_3': np.float64(132262.5619351186), 'drone_4': np.float64(132258.27023179774)}",13637,994,0.9320620600095687,,2340.0468044986196,0.6629018728507017,0.0,302.3796407185629,flatD_M_40,flat,dry,0.0,42,True,500,19840,132272,5,True,nan,0.0,147.0453118000005
762129,15922,0.02089147637735869,722,0.04337899543378995,0.19001285195281525,0.9999999403953552,0.19001286327846448,"{'drone_0': 3012, 'drone_1': 2385, 'drone_2': 1254, 'drone_3': 2593, 'drone_4': 7400}",4189,"{'drone_0': 132268.68333343603, 'drone_1': 132264.05169731437, 'drone_2': 19978.188011076727, 'drone_3': 132268.5945414982, 'drone_4': 132269.82870095037}","{'drone_0': np.float64(132268.68333311848), 'drone_1': np.float64(132264.05169734205), 'drone_2': np.float64(19978.188011076418), 'drone_3': np.float64(132268.59454144334), 'drone_4': np.float64(132269.82870087604)}",15922,722,0.95662100456621,,2555.0831395002087,0.605862794056061,0.0,263.0387225548902,flatD_M_40,flat,dry,0.01,42,True,500,19840,132272,5,True,nan,0.0,138.3575551999993
762129,15669,0.02055951157874848,2010,0.11369421347361276,0.22598454025956016,0.9999999403953552,0.22598455372928922,"{'drone_0': 2731, 'drone_1': 2863, 'drone_2': 3781, 'drone_3': 3449, 'drone_4': 4855}",4207,"{'drone_0': 132244.85606174075, 'drone_1': 132259.84878571026, 'drone_2': 132266.22132459618, 'drone_3': 132270.39822972534, 'drone_4': 132268.56853513684}","{'drone_0': np.float64(132244.85606155993), 'drone_1': np.float64(132259.84878569667), 'drone_2': np.float64(132266.22132447737), 'drone_3': np.float64(132270.39822964268), 'drone_4': np.float64(132268.568534963)}",15669,2010,0.8863057865263873,,2483.3366158868334,0.66208480169014,0.0,107.84039011703511,flatD_M_40,flat,dry,0.0,1,False,-1,19840,132272,0,False,nan,nan,137.03575170000022
762129,26894,0.03528798930364807,1393,0.049245236327641675,0.24067560418598077,0.9999999403953552,0.24067561853136551,"{'drone_0': 8459, 'drone_1': 2667, 'drone_2': 2668, 'drone_3': 7131, 'drone_4': 7362}",4147,"{'drone_0': 132268.06179140374, 'drone_1': 132246.68575623626, 'drone_2': 132230.35484684265, 'drone_3': 132268.70487762586, 'drone_4': 132245.84985246902}","{'drone_0': np.float64(132268.06179139164), 'drone_1': np.float64(132246.6857562394), 'drone_2': np.float64(132230.35484674937), 'drone_3': np.float64(132268.7048775883), 'drone_4': np.float64(132245.8498524471)}",26894,1393,0.9507547636723583,,2498.4296337870073,0.43791538262702767,0.0,214.33383973786118,flatD_M_40,flat,dry,0.01,1,False,-1,19840,132272,0,False,nan,nan,85.21812399999999
762129,14274,0.018729112787992584,739,0.04922400586158662,0.19854451522405725,0.9999999403953552,0.19854452705823325,"{'drone_0': 2731, 'drone_1': 2842, 'drone_2': 1127, 'drone_3': 3458, 'drone_4': 4855}",4207,"{'drone_0': 132244.85606174075, 'drone_1': 132270.14708887337, 'drone_2': 19903.601101568725, 'drone_3': 132233.10477496774, 'drone_4': 132268.56853513684}","{'drone_0': np.float64(132244.85606155993), 'drone_1': np.float64(132270.147088862), 'drone_2': np.float64(19903.601101563196), 'drone_3': np.float64(132233.10477488607), 'drone_4': np.float64(132268.568534963)}",14274,739,0.9507759941384134,,2566.6228578875352,0.632923446947619,0.0,292.41497005988026,flatD_M_40,flat,dry,0.0,1,True,500,19840,132272,5,True,nan,0.0,23.662152899999455
762129,25834,0.03389714864543929,837,0.03138240035994151,0.22048221986597127,0.9999999403953552,0.22048223300773645,"{'drone_0': 8459, 'drone_1': 2667, 'drone_2': 1052, 'drone_3': 7131, 'drone_4': 7362}",4147,"{'drone_0': 132268.06179140374, 'drone_1': 132246.68575623626, 'drone_2': 18113.51527324285, 'drone_3': 132268.70487762586, 'drone_4': 132245.84985246902}","{'drone_0': np.float64(132268.06179139164), 'drone_1': np.float64(132246.6857562394), 'drone_2': np.float64(18113.515273245866), 'drone_3': np.float64(132268.7048775883), 'drone_4': np.float64(132245.8498524471)}",25834,837,0.9686175996400584,,2573.054068124349,0.33459090365137034,0.0,304.0754491017964,flatD_M_40,flat,dry,0.01,1,True,500,19840,132272,5,True,2364,1.0,21.360473900000216
762129,15621,0.020496530114980534,2174,0.12216914863725765,0.21582670360112388,0.9999999403953552,0.21582671646539864,"{'drone_0': 3073, 'drone_1': 2473, 'drone_2': 4184, 'drone_3': 3227, 'drone_4': 4838}",4172,"{'drone_0': 132244.91884697418, 'drone_1': 132263.53418151944, 'drone_2': 132246.7225348255, 'drone_3': 132265.27508464208, 'drone_4': 132253.1210802514}","{'drone_0': np.float64(132244.91884675514), 'drone_1': np.float64(132263.53418153577), 'drone_2': np.float64(132246.7225349546), 'drone_3': np.float64(132265.27508454022), 'drone_4': np.float64(132253.1210802151)}",15621,2174,0.8778308513627423,,2387.8733461432885,0.6725063100414184,0.0,117.19743721168632,flatD_M_40,flat,dry,0.0,7,False,-1,19840,132272,0,False,nan,nan,64.23741129999962
762129,15900,0.020862609873131713,3003,0.15886367243294716,0.18142239459439224,0.9999999403953552,0.18142240540801027,"{'drone_0': 4094, 'drone_1': 2274, 'drone_2': 2546, 'drone_3': 2605, 'drone_4': 7384}",4176,"{'drone_0': 132245.56193308058, 'drone_1': 132234.40618149983, 'drone_2': 132241.01908884873, 'drone_3': 132236.45023832942, 'drone_4': 132247.09924619953}","{'drone_0': np.float64(132245.5619329516), 'drone_1': np.float64(132234.40618152425), 'drone_2': np.float64(132241.01908885056), 'drone_3': np.float64(132236.45023826938), 'drone_4': np.float64(132247.0992461252)}",15900,3003,0.8411363275670528,,2582.3729986571634,0.6760114493327782,0.0,126.21579701834862,flatD_M_40,flat,dry,0.01,7,False,-1,19840,132272,0,False,nan,nan,131.98408239999935
762129,13839,0.018158343272595585,894,0.06068010588474852,0.18443011677936738,0.9999999403953552,0.18443012777225964,"{'drone_0': 3073, 'drone_1': 2473, 'drone_2': 1122, 'drone_3': 3227, 'drone_4': 4838}",4172,"{'drone_0': 132244.91884697418, 'drone_1': 132263.53418151944, 'drone_2': 19829.014192054907, 'drone_3': 132265.27508464208, 'drone_4': 132253.1210802514}","{'drone_0': np.float64(132244.91884675514), 'drone_1': np.float64(132263.53418153577), 'drone_2': np.float64(19829.014192049974), 'drone_3': np.float64(132265.27508454022), 'drone_4': np.float64(132253.1210802151)}",13839,894,0.9393198941152515,,2531.009965222044,0.6567222088674982,0.0,327.9580838323353,flatD_M_40,flat,dry,0.0,7,True,500,19840,132272,5,True,nan,0.0,73.37078079999992
762129,15302,0.020077965803689403,2360,0.13362020156267693,0.17834844558501572,0.9999999403953552,0.1783484562154121,"{'drone_0': 4094, 'drone_1': 2272, 'drone_2': 1307, 'drone_3': 2605, 'drone_4': 7384}",4179,"{'drone_0': 132245.56193308058, 'drone_1': 132262.284787832, 'drone_2': 19543.097705579763, 'drone_3': 132236.45023832942, 'drone_4': 132247.09924619953}","{'drone_0': np.float64(132245.5619329516), 'drone_1': np.float64(132262.2847878577), 'drone_2': np.float64(19543.097705582622), 'drone_3': np.float64(132236.45023826938), 'drone_4': np.float64(132247.0992461252)}",15302,2360,0.866379798437323,,2691.3562022795177,0.6228082843562448,0.0,252.30878243512973,flatD_M_40,flat,dry,0.01,7,True,500,19840,132272,5,True,2972,1.0,117.39983510000002
