Dataset,Algorithm,Environment Type,Climate,Environment Size,n_agents,Budget (m),Likelihood Score,Time-Discounted Score,Victims Found (%),Area Covered (km²),Total Path Length (km)
1,RandomWalk,flat,temperate,medium,1,100000,0.021614255290058813,0.010075975867530828,4.0,1.6111018690415053,100.00000000000018
1,Greedy,flat,temperate,medium,1,100000,0.21294349739681737,0.012917470839393118,56.99999999999999,5.079801652916467,100.00000000000021
1,Spiral,flat,temperate,medium,1,100000,0.20317420338854836,0.00815435967171108,56.00000000000001,6.627888122020389,99.99999999999994
1,Concentric,flat,temperate,medium,1,100000,0.20440390931545602,0.008375738218246172,56.99999999999999,6.582219955700275,100.00000000000017
1,Pizza,flat,temperate,medium,1,100000,0.20224298189498383,0.008084932740792522,56.00000000000001,6.579275799540185,100.00000000000021
2,RandomWalk,flat,temperate,medium,1,100000,0.033707730938445306,0.007966433004921138,11.0,1.3852840019953194,99.9999999999998
2,Greedy,flat,temperate,medium,1,100000,0.10925042667590704,0.009936078101652146,32.0,3.712746595483525,100.00000000000024
2,Spiral,flat,temperate,medium,1,100000,0.1618554070137937,0.005970915344489503,55.00000000000001,6.627888122020256,99.9999999999999
2,Concentric,flat,temperate,medium,1,100000,0.15957196454543868,0.005886765001102165,57.99999999999999,6.582219955700203,100.00000000000021
2,Pizza,flat,temperate,medium,1,100000,0.1606384238396022,0.005772496593761873,55.00000000000001,6.579275799540184,99.9999999999998
3,RandomWalk,flat,temperate,medium,1,100000,0.03312502413011121,0.008230387918433687,11.0,1.2485312805999,99.99999999999967
3,Greedy,flat,temperate,medium,1,100000,0.1283525392650582,0.0117444266097243,53.0,3.9502338659981566,100.00000000000013
3,Spiral,flat,temperate,medium,1,100000,0.18305470256094644,0.005784222857100584,67.0,6.627888122020379,99.99999999999994
3,Concentric,flat,temperate,medium,1,100000,0.18156972827596982,0.005907095175005388,65.0,6.582219955700264,100.00000000000017
3,Pizza,flat,temperate,medium,1,100000,0.18215178487211908,0.005794202802917052,67.0,6.5792757995402225,100.0000000000002
4,RandomWalk,flat,temperate,medium,1,100000,0.03749169553910016,0.004262107145028376,22.0,1.2970148069317085,100.00000000000001
4,Greedy,flat,temperate,medium,1,100000,0.1613761699194998,0.009016630085040254,56.99999999999999,5.059718237872899,99.99999999999977
4,Spiral,flat,temperate,medium,1,100000,0.182543089078817,0.005701630821051758,76.0,6.627888122020274,99.99999999999987
4,Concentric,flat,temperate,medium,1,100000,0.17994214194754418,0.005693001856969956,70.0,6.582219955700207,99.99999999999982
4,Pizza,flat,temperate,medium,1,100000,0.18155696563212215,0.005569215527974074,75.0,6.57927579954017,99.99999999999983
5,RandomWalk,flat,temperate,medium,1,100000,0.04875466254773606,0.0038916582633663883,17.0,1.542289337036661,100.00000000000001
5,Greedy,flat,temperate,medium,1,100000,0.126430031785517,0.00920572409410791,49.0,3.98114365161506,99.99999999999982
5,Spiral,flat,temperate,medium,1,100000,0.18327541945779743,0.0057551150344276715,63.0,6.627888122020389,99.99999999999994
5,Concentric,flat,temperate,medium,1,100000,0.18178948662613598,0.005708998504390864,64.0,6.582219955700275,100.00000000000017
5,Pizza,flat,temperate,medium,1,100000,0.18128813131358323,0.005641100596240278,61.0,6.579275799540185,100.00000000000021
6,RandomWalk,flat,temperate,medium,1,100000,0.0303661777220643,0.0030060809341690494,15.0,1.3705371707993075,100.00000000000024
6,Greedy,flat,temperate,medium,1,100000,0.17277604474380553,0.008031357240254743,66.0,6.4449674129246715,99.99999999999976
6,Spiral,flat,temperate,medium,1,100000,0.1731227374492855,0.004979926236588324,70.0,6.627888122020274,99.99999999999987
6,Concentric,flat,temperate,medium,1,100000,0.17142052743937536,0.005110979111680872,69.0,6.582219955700207,99.99999999999982
6,Pizza,flat,temperate,medium,1,100000,0.1717407238678018,0.0049358356761330146,70.0,6.57927579954017,99.99999999999983
7,RandomWalk,flat,temperate,medium,1,100000,0.04128460315050307,0.005835188256570869,19.0,1.3714473351957366,99.99999999999967
7,Greedy,flat,temperate,medium,1,100000,0.14539480527576912,0.007759183531948322,59.0,5.179731432395249,100.00000000000001
7,Spiral,flat,temperate,medium,1,100000,0.1678747047166569,0.004413933401573789,69.0,6.627888122020253,99.99999999999989
7,Concentric,flat,temperate,medium,1,100000,0.16599823063936825,0.004473940229332292,68.0,6.582219955700196,99.99999999999982
7,Pizza,flat,temperate,medium,1,100000,0.1665006600754957,0.004366120723472057,67.0,6.579275799540214,99.99999999999983
8,RandomWalk,flat,temperate,medium,1,100000,0.024478089747124284,0.003639498538263928,26.0,1.4637259909621438,99.99999999999996
8,Greedy,flat,temperate,medium,1,100000,0.09491972075819027,0.009587830552388932,30.0,3.565900624687949,99.99999999999994
8,Spiral,flat,temperate,medium,1,100000,0.1511832728640142,0.005344880713193291,38.0,6.627888122020274,99.99999999999987
8,Concentric,flat,temperate,medium,1,100000,0.14903330571021495,0.005194569585698197,38.0,6.582219955700207,99.99999999999982
8,Pizza,flat,temperate,medium,1,100000,0.14959324264669016,0.004986216162051754,38.0,6.57927579954017,99.99999999999983
9,RandomWalk,flat,temperate,medium,1,100000,0.030892990600594746,0.0042449402051695576,17.0,1.419645563714656,99.99999999999983
9,Greedy,flat,temperate,medium,1,100000,0.15690534489238736,0.008311511079687901,52.0,5.657528303211514,99.99999999999994
9,Spiral,flat,temperate,medium,1,100000,0.1749864116744049,0.0041662124817809084,64.0,6.627888122020379,99.99999999999994
9,Concentric,flat,temperate,medium,1,100000,0.17265675962871974,0.004259286601824056,65.0,6.582219955700264,100.00000000000017
9,Pizza,flat,temperate,medium,1,100000,0.17348632610751896,0.004120541032690313,66.0,6.5792757995402225,100.0000000000002
10,RandomWalk,flat,temperate,medium,1,100000,0.014452460997193429,0.0008476822686471923,14.000000000000002,1.4586858120902921,99.9999999999999
10,Greedy,flat,temperate,medium,1,100000,0.12583854392069074,0.010057418321758943,57.99999999999999,3.08017261913048,100.00000000000018
10,Spiral,flat,temperate,medium,1,100000,0.15287417833809253,0.001637649722734599,80.0,6.627888122020389,99.99999999999994
10,Concentric,flat,temperate,medium,1,100000,0.152480034872178,0.001500287426740473,79.0,6.582219955700275,100.00000000000017
10,Pizza,flat,temperate,medium,1,100000,0.15277393239111564,0.0016512082113261087,79.0,6.579275799540185,100.00000000000021
11,RandomWalk,flat,temperate,medium,1,100000,0.0699824429209563,0.008149274683737108,9.0,1.5924626250201865,99.99999999999997
11,Greedy,flat,temperate,medium,1,100000,0.1978054171363031,0.012749709217251954,57.99999999999999,5.172380740720095,100.00000000000031
11,Spiral,flat,temperate,medium,1,100000,0.23034346869710695,0.007395570003265766,42.0,6.627888122020389,99.99999999999994
11,Concentric,flat,temperate,medium,1,100000,0.2283810962893624,0.007594511277220125,41.0,6.582219955700275,100.00000000000017
11,Pizza,flat,temperate,medium,1,100000,0.2289734051203134,0.007401514709703553,42.0,6.579275799540185,100.00000000000021
12,RandomWalk,flat,temperate,medium,1,100000,0.061400802338428595,0.007194429429593221,11.0,1.4758865801087515,100.00000000000018
12,Greedy,flat,temperate,medium,1,100000,0.1972512353633789,0.011080337667010786,27.0,5.023073039027604,99.99999999999976
12,Spiral,flat,temperate,medium,1,100000,0.2360813736332022,0.006642665801733945,51.0,6.627888122020389,99.99999999999994
12,Concentric,flat,temperate,medium,1,100000,0.2337173898419555,0.006619587058308076,51.0,6.582219955700275,100.00000000000017
12,Pizza,flat,temperate,medium,1,100000,0.23390989850795027,0.006532744966522383,49.0,6.579275799540185,100.00000000000021
13,RandomWalk,flat,temperate,medium,1,100000,0.050499712685282395,0.0066964076565000545,18.0,1.56543957486269,100.00000000000026
13,Greedy,flat,temperate,medium,1,100000,0.16424827348823914,0.01130710976346687,35.0,4.052814351195563,99.99999999999996
13,Spiral,flat,temperate,medium,1,100000,0.24381139721909661,0.007062114065209947,51.0,6.627888122020274,99.99999999999987
13,Concentric,flat,temperate,medium,1,100000,0.241148734819644,0.007214922818415635,49.0,6.582219955700207,99.99999999999982
13,Pizza,flat,temperate,medium,1,100000,0.2419252976941395,0.006960725864208758,51.0,6.57927579954017,99.99999999999983
14,RandomWalk,flat,temperate,medium,1,100000,0.062192277774878534,0.010020988753345686,24.0,1.4521791264746158,100.00000000000004
14,Greedy,flat,temperate,medium,1,100000,0.23847035042815395,0.014410058942553958,74.0,5.092364403825813,99.99999999999983
14,Spiral,flat,temperate,medium,1,100000,0.2252092535517913,0.008795341890096443,70.0,6.627888122020253,99.99999999999989
14,Concentric,flat,temperate,medium,1,100000,0.22689749740410836,0.009070096001723796,68.0,6.582219955700196,99.99999999999982
14,Pizza,flat,temperate,medium,1,100000,0.2232837678728009,0.008607434877852212,69.0,6.579275799540214,99.99999999999983
15,RandomWalk,flat,temperate,medium,1,100000,0.04402764802515268,0.007012404925735389,13.0,1.4433544143668753,99.99999999999993
15,Greedy,flat,temperate,medium,1,100000,0.22011829749430886,0.020028831429884295,36.0,3.903096002236063,100.0000000000002
15,Spiral,flat,temperate,medium,1,100000,0.2641011652446144,0.008262344149838185,60.0,6.627888122020253,99.99999999999989
15,Concentric,flat,temperate,medium,1,100000,0.2615846902930982,0.008131974731243089,62.0,6.582219955700196,99.99999999999982
15,Pizza,flat,temperate,medium,1,100000,0.26469725727021387,0.008311593080799302,62.0,6.579275799540214,99.99999999999983
16,RandomWalk,mountainous,temperate,medium,1,100000,0.025101257017037436,1.1096201573087528e-05,8.0,1.7748030505716887,99.99999999999977
16,Greedy,mountainous,temperate,medium,1,100000,0.07605986012305915,0.0016862966944976904,27.0,4.623158821368341,99.99999999999982
16,Spiral,mountainous,temperate,medium,1,100000,0.06846722897894295,8.641712331008404e-05,22.0,6.62812479507153,100.0
16,Concentric,mountainous,temperate,medium,1,100000,0.069265956423435,7.25535195538935e-05,22.0,6.582219955700215,100.00000000000021
16,Pizza,mountainous,temperate,medium,1,100000,0.06893589208378528,8.789229721892931e-05,23.0,6.579275799540142,99.9999999999998
17,RandomWalk,mountainous,temperate,medium,1,100000,0.012227678495095836,0.0010787359415586324,11.0,1.567195180180534,100.00000000000001
17,Greedy,mountainous,temperate,medium,1,100000,0.07091678752453667,0.0035670555886650164,27.0,5.689666143584525,100.0000000000002
17,Spiral,mountainous,temperate,medium,1,100000,0.07595220790566445,0.0011528203200713847,30.0,6.628124795071533,100.00000000000007
17,Concentric,mountainous,temperate,medium,1,100000,0.07567133242034071,0.0011901586033561395,30.0,6.582219955700264,100.00000000000017
17,Pizza,mountainous,temperate,medium,1,100000,0.07555925433514511,0.0011493706521118413,30.0,6.5792757995402225,100.0000000000002
18,RandomWalk,mountainous,temperate,medium,1,100000,0.009355483603283263,0.00021318620226705153,4.0,1.781149100921558,100.00000000000001
18,Greedy,mountainous,temperate,medium,1,100000,0.06633526476232271,0.004935550379229502,28.000000000000004,4.5927317463191075,99.99999999999986
18,Spiral,mountainous,temperate,medium,1,100000,0.04875341822025164,0.00045442514146440703,19.0,6.628124795071533,100.00000000000009
18,Concentric,mountainous,temperate,medium,1,100000,0.04748278320751363,0.000400346897557292,18.0,6.582219955700275,100.00000000000017
18,Pizza,mountainous,temperate,medium,1,100000,0.04858160231517754,0.00045413451310406594,19.0,6.579275799540185,100.00000000000021
19,RandomWalk,mountainous,temperate,medium,1,100000,0.019018420653557685,0.0012585457902589362,4.0,1.3163057311833941,100.00000000000004
19,Greedy,mountainous,temperate,medium,1,100000,0.08670321175614902,0.004177051130897484,34.0,5.55336962549159,99.99999999999993
19,Spiral,mountainous,temperate,medium,1,100000,0.09757817874181124,0.0015065446443914996,23.0,6.628124795071533,100.00000000000007
19,Concentric,mountainous,temperate,medium,1,100000,0.09663253222377188,0.0016170311194554003,21.0,6.582219955700264,100.00000000000017
19,Pizza,mountainous,temperate,medium,1,100000,0.09750137747800011,0.0015335258872019805,22.0,6.5792757995402225,100.0000000000002
20,RandomWalk,mountainous,temperate,medium,1,100000,0.01618735279479443,0.0022912583238966972,5.0,1.5195069971625195,100.0
20,Greedy,mountainous,temperate,medium,1,100000,0.08883802320745993,0.004960054183086729,27.0,5.781997635885035,99.99999999999977
20,Spiral,mountainous,temperate,medium,1,100000,0.09214630457997887,0.0019709667360671324,23.0,6.628124795071533,100.00000000000007
20,Concentric,mountainous,temperate,medium,1,100000,0.09247277432202367,0.0020767085324538866,24.0,6.582219955700264,100.00000000000017
20,Pizza,mountainous,temperate,medium,1,100000,0.09199171854259547,0.001955537701313716,23.0,6.5792757995402225,100.0000000000002
21,RandomWalk,mountainous,temperate,medium,1,100000,0.023901717502869037,0.0011661303749701377,11.0,1.852222460660049,100.00000000000001
21,Greedy,mountainous,temperate,medium,1,100000,0.06962571721472482,0.003425535275596265,19.0,4.243715710215116,100.0
21,Spiral,mountainous,temperate,medium,1,100000,0.0975061977817775,0.0014396791476567643,22.0,6.6281247950715345,100.0
21,Concentric,mountainous,temperate,medium,1,100000,0.09714331470809304,0.001478540368308135,22.0,6.582219955700207,99.99999999999982
21,Pizza,mountainous,temperate,medium,1,100000,0.09710919283153621,0.0014210699824856448,22.0,6.57927579954017,99.99999999999983
22,RandomWalk,mountainous,temperate,medium,1,100000,0.00783914711639745,0.0010194711146837314,3.0,1.2903699065054905,100.00000000000021
22,Greedy,mountainous,temperate,medium,1,100000,0.0837099693704298,0.002886459041297411,35.0,5.442877202803253,100.00000000000041
22,Spiral,mountainous,temperate,medium,1,100000,0.04783619248667788,0.0007925635226646434,12.0,6.628124795071533,100.00000000000009
22,Concentric,mountainous,temperate,medium,1,100000,0.04886139159480952,0.0008481525629199779,12.0,6.582219955700275,100.00000000000017
22,Pizza,mountainous,temperate,medium,1,100000,0.047985304154842395,0.0007677328861166845,14.000000000000002,6.579275799540185,100.00000000000021
23,RandomWalk,mountainous,temperate,medium,1,100000,0.013578293569146352,0.0009922102451870383,2.0,1.377575314712878,100.00000000000003
23,Greedy,mountainous,temperate,medium,1,100000,0.06831800753692052,0.00428613734209905,22.0,3.5515227394497098,99.9999999999999
23,Spiral,mountainous,temperate,medium,1,100000,0.07301441448106553,0.0008526700225250449,19.0,6.628124795071526,100.0000000000001
23,Concentric,mountainous,temperate,medium,1,100000,0.07402337495085595,0.0008314450781471221,19.0,6.582219955700273,100.00000000000018
23,Pizza,mountainous,temperate,medium,1,100000,0.0729018369384811,0.0009577345116146765,18.0,6.579275799540184,100.00000000000018
24,RandomWalk,mountainous,temperate,medium,1,100000,0.01429700548264214,0.0007341955342385885,2.0,1.51330548109162,100.00000000000014
24,Greedy,mountainous,temperate,medium,1,100000,0.05677471659505303,0.002266123347986302,16.0,5.390491278250281,100.00000000000031
24,Spiral,mountainous,temperate,medium,1,100000,0.06503231391279951,0.0009541768617403448,22.0,6.628124795071533,100.00000000000007
24,Concentric,mountainous,temperate,medium,1,100000,0.06485644071780655,0.0009799605807108396,21.0,6.582219955700264,100.00000000000017
24,Pizza,mountainous,temperate,medium,1,100000,0.06478275910143916,0.0009418614590926658,21.0,6.5792757995402225,100.0000000000002
25,RandomWalk,mountainous,temperate,medium,1,100000,0.015177059033863108,0.00068546353786014,9.0,1.8117987774477893,99.99999999999976
25,Greedy,mountainous,temperate,medium,1,100000,0.04156024446176238,0.0021059854199632225,19.0,3.97767741235119,99.99999999999999
25,Spiral,mountainous,temperate,medium,1,100000,0.06208543256836991,0.0008862401230665192,24.0,6.628124795071533,100.00000000000009
25,Concentric,mountainous,temperate,medium,1,100000,0.061960665397759414,0.000939083207495452,24.0,6.582219955700275,100.00000000000017
25,Pizza,mountainous,temperate,medium,1,100000,0.061832457007703914,0.0008840686084321967,24.0,6.579275799540185,100.00000000000021
26,RandomWalk,mountainous,temperate,medium,1,100000,0.0385530066410457,0.0024652154677756613,11.0,1.545885139244299,100.00000000000028
26,Greedy,mountainous,temperate,medium,1,100000,0.10264760444516961,0.008509818996975902,32.0,4.08408722158951,100.00000000000001
26,Spiral,mountainous,temperate,medium,1,100000,0.09161497093194466,0.0019468971425228333,25.0,6.628124795071533,100.00000000000009
26,Concentric,mountainous,temperate,medium,1,100000,0.09239366024569003,0.0020927555124526796,25.0,6.582219955700275,100.00000000000017
26,Pizza,mountainous,temperate,medium,1,100000,0.09304826004305468,0.00195993736717919,27.0,6.579275799540185,100.00000000000021
27,RandomWalk,mountainous,temperate,medium,1,100000,0.004277837010938774,6.941599933783173e-32,1.0,1.2277990790202415,99.99999999999997
27,Greedy,mountainous,temperate,medium,1,100000,0.009757207499448282,9.652759082535283e-13,2.0,1.6469587890270614,99.99999999999987
27,Spiral,mountainous,temperate,medium,1,100000,0.022750189013306547,2.6171959388586747e-12,8.0,6.628124795071533,100.00000000000009
27,Concentric,mountainous,temperate,medium,1,100000,0.02235067035817583,1.1965940712258249e-12,8.0,6.582219955700275,100.00000000000017
27,Pizza,mountainous,temperate,medium,1,100000,0.022346362090943164,4.628189668461987e-12,8.0,6.579275799540185,100.00000000000021
28,RandomWalk,mountainous,temperate,medium,1,100000,0.0145693714195681,0.0004512858646953586,3.0,1.665552127388625,99.99999999999999
28,Greedy,mountainous,temperate,medium,1,100000,0.1396897722950691,2.7876095570382405e-22,50.0,2.0551631550437257,100.00000000000027
28,Spiral,mountainous,temperate,medium,1,100000,0.1844954691386529,1.1726726640462647e-05,65.0,6.6281247950715345,100.0
28,Concentric,mountainous,temperate,medium,1,100000,0.18873671114827117,2.294217902765664e-05,69.0,6.582219955700207,99.99999999999982
28,Pizza,mountainous,temperate,medium,1,100000,0.18511304997638384,1.3430156643482289e-05,65.0,6.57927579954017,99.99999999999983
29,RandomWalk,mountainous,temperate,medium,1,100000,0.009767806725948208,0.0012001192827796167,2.0,1.3648227512039186,100.0
29,Greedy,mountainous,temperate,medium,1,100000,0.08771680603474319,0.006233439044010421,19.0,4.147636638027151,100.00000000000024
29,Spiral,mountainous,temperate,medium,1,100000,0.07462847580508723,0.0010087836039335653,27.0,6.628124795071533,100.00000000000009
29,Concentric,mountainous,temperate,medium,1,100000,0.07578087904333031,0.0011194633677369032,26.0,6.582219955700275,100.00000000000017
29,Pizza,mountainous,temperate,medium,1,100000,0.07498497814423793,0.001093406662095497,27.0,6.579275799540185,100.00000000000021
30,RandomWalk,mountainous,temperate,medium,1,100000,0.026441899798815737,0.00032310576572973685,13.0,1.502721611082878,100.0
30,Greedy,mountainous,temperate,medium,1,100000,0.08696388805213252,0.005827879818213105,22.0,4.028512370956331,100.00000000000001
30,Spiral,mountainous,temperate,medium,1,100000,0.12674999426415537,0.0005134238648813108,34.0,6.628124795071526,100.0000000000001
30,Concentric,mountainous,temperate,medium,1,100000,0.12764657392966502,0.00046510454955107943,34.0,6.582219955700273,100.00000000000018
30,Pizza,mountainous,temperate,medium,1,100000,0.12623482069089256,0.0005260944159415596,34.0,6.579275799540184,100.00000000000018
31,RandomWalk,flat,dry,medium,1,100000,0.020091522086734342,3.236849458031246e-05,12.0,1.300039713839239,100.00000000000028
31,Greedy,flat,dry,medium,1,100000,0.11345098116174869,0.00040993954510622704,54.0,2.8062666040902036,100.00000000000011
31,Spiral,flat,dry,medium,1,100000,0.12513800857059879,7.340201814298958e-05,55.00000000000001,6.628025336402941,100.00000000000028
31,Concentric,flat,dry,medium,1,100000,0.12219775880116476,8.314082758715494e-05,54.0,6.582219955700215,100.00000000000021
31,Pizza,flat,dry,medium,1,100000,0.12379741176972134,5.8223123477955475e-05,56.99999999999999,6.579275799540142,99.9999999999998
32,RandomWalk,flat,dry,medium,1,100000,0.0174515070957134,0.0015730963077966705,4.0,1.297404997472158,100.00000000000001
32,Greedy,flat,dry,medium,1,100000,0.09527028355795024,0.003543783135381317,33.0,4.908462336397661,100.0000000000001
32,Spiral,flat,dry,medium,1,100000,0.1135064010281341,0.0009713136912353396,38.0,6.628025336402899,100.00000000000007
32,Concentric,flat,dry,medium,1,100000,0.1120308926070469,0.0009379814572466393,39.0,6.582219955700159,100.00000000000007
32,Pizza,flat,dry,medium,1,100000,0.11257355411898652,0.0009368132468238036,38.0,6.579275799539146,99.99999999999997
33,RandomWalk,flat,dry,medium,1,100000,0.026309933432774286,0.0013755534532196945,10.0,1.1741181317078542,100.00000000000036
33,Greedy,flat,dry,medium,1,100000,0.15504967688550156,0.0162982568702614,40.0,2.749595610469981,100.00000000000009
33,Spiral,flat,dry,medium,1,100000,0.1514006310413515,0.003779069655203924,51.0,6.62802533640293,100.00000000000028
33,Concentric,flat,dry,medium,1,100000,0.15156612115657606,0.0035582384371622955,50.0,6.582219955700196,99.99999999999982
33,Pizza,flat,dry,medium,1,100000,0.15206307416521012,0.003828810950882698,51.0,6.579275799540214,99.99999999999983
34,RandomWalk,flat,dry,medium,1,100000,0.003023126812346517,6.706322023926861e-32,9.0,1.7958297584137548,100.00000000000006
34,Greedy,flat,dry,medium,1,100000,0.0,0.0,0.0,1.1985974072563024,100.00000000000004
34,Spiral,flat,dry,medium,1,100000,0.02557871766165892,5.718830077805096e-17,30.0,6.628025336402798,99.99999999999984
34,Concentric,flat,dry,medium,1,100000,0.026751278131617175,8.776942034001666e-17,36.0,6.582219955699918,99.99999999999996
34,Pizza,flat,dry,medium,1,100000,0.025003825577858883,2.6320466896693365e-17,27.0,6.579275799539302,100.00000000000001
35,RandomWalk,flat,dry,medium,1,100000,0.00838218131596658,2.616931908177146e-11,1.0,0.999622423137818,99.99999999999963
35,Greedy,flat,dry,medium,1,100000,0.13697074010653473,0.002181530029555419,49.0,4.061281353099383,100.00000000000004
35,Spiral,flat,dry,medium,1,100000,0.11741394112357975,5.459743267108747e-07,33.0,6.6280253364029456,100.00000000000028
35,Concentric,flat,dry,medium,1,100000,0.11666727312752166,1.1105879760091804e-06,31.0,6.582219955700203,100.00000000000021
35,Pizza,flat,dry,medium,1,100000,0.11363784980986218,3.883481022852406e-07,31.0,6.579275799540184,99.9999999999998
36,RandomWalk,flat,dry,medium,1,100000,0.02865702150668369,0.0012902569005898673,8.0,1.414269019984903,99.99999999999999
36,Greedy,flat,dry,medium,1,100000,0.15770499564185092,0.004595869497375749,36.0,6.19095888940514,99.99999999999999
36,Spiral,flat,dry,medium,1,100000,0.1480626930123957,0.0012553439256356128,39.0,6.628025336402937,99.99999999999967
36,Concentric,flat,dry,medium,1,100000,0.14651198904233667,0.0012122647277607297,41.0,6.582219955700273,100.00000000000018
36,Pizza,flat,dry,medium,1,100000,0.14671603869056007,0.0012107549046225373,40.0,6.579275799540184,100.00000000000018
37,RandomWalk,flat,dry,medium,1,100000,0.007622618559797965,0.0014822952021124592,7.000000000000001,1.159959536835621,100.0000000000001
37,Greedy,flat,dry,medium,1,100000,0.044889314251709736,0.0038636866021132445,40.0,3.095319395357766,100.00000000000011
37,Spiral,flat,dry,medium,1,100000,0.047467317474044604,0.0005451606569314795,50.0,6.628025336402899,100.00000000000006
37,Concentric,flat,dry,medium,1,100000,0.04758573346710577,0.0004835762564273972,49.0,6.582219955700168,100.0000000000001
37,Pizza,flat,dry,medium,1,100000,0.04703592489189303,0.0005076633701595416,50.0,6.579275799539135,99.99999999999997
38,RandomWalk,flat,dry,medium,1,100000,0.042381553727765586,0.0008663607387248675,34.0,1.490547470661851,99.99999999999984
38,Greedy,flat,dry,medium,1,100000,0.10574184667536315,0.0065712795801313745,68.0,3.3385378183233665,99.99999999999999
38,Spiral,flat,dry,medium,1,100000,0.08576118991328839,0.0003795761368089297,51.0,6.6280253364028985,100.00000000000007
38,Concentric,flat,dry,medium,1,100000,0.08199583970563337,0.00037437563749380485,50.0,6.582219955700162,100.00000000000007
38,Pizza,flat,dry,medium,1,100000,0.08526986571168918,0.00038620804662733066,51.0,6.579275799539142,99.99999999999999
39,RandomWalk,flat,dry,medium,1,100000,0.03471055328446421,0.001470974184359919,18.0,1.2369081371390809,99.99999999999964
39,Greedy,flat,dry,medium,1,100000,0.10059114742849194,0.020222374916621058,43.0,2.458277354344339,100.00000000000001
39,Spiral,flat,dry,medium,1,100000,0.09622643899645467,0.0006226728000760847,56.99999999999999,6.628025336402928,99.99999999999969
39,Concentric,flat,dry,medium,1,100000,0.0967589285447564,0.0007340601084423451,56.99999999999999,6.582219955700264,100.00000000000017
39,Pizza,flat,dry,medium,1,100000,0.09513777449304882,0.0007041085982775915,56.99999999999999,6.5792757995402225,100.0000000000002
40,RandomWalk,flat,dry,medium,1,100000,0.008071086459644458,1.7708789420082862e-06,2.0,1.6477148367666223,99.99999999999997
40,Greedy,flat,dry,medium,1,100000,0.0498443928365571,0.00023950868410981335,36.0,1.9538790933926942,100.00000000000001
40,Spiral,flat,dry,medium,1,100000,0.04062926309047703,9.83251414545963e-05,28.000000000000004,6.6280253364029225,99.99999999999969
40,Concentric,flat,dry,medium,1,100000,0.03840094183008755,7.928450260974706e-05,31.0,6.582219955700275,100.00000000000017
40,Pizza,flat,dry,medium,1,100000,0.040003635901319876,8.267819376450526e-05,32.0,6.579275799540185,100.00000000000021
41,RandomWalk,flat,dry,medium,1,100000,0.016590542735950852,6.221745230762105e-05,11.0,1.4499305115319372,99.99999999999984
41,Greedy,flat,dry,medium,1,100000,0.04611086172783693,0.0031498495574330096,28.000000000000004,3.0420902241906753,99.99999999999972
41,Spiral,flat,dry,medium,1,100000,0.05536493170489598,0.00046515036980711413,36.0,6.628025336402941,99.99999999999967
41,Concentric,flat,dry,medium,1,100000,0.05429945626799525,0.000367296890084208,36.0,6.582219955700262,100.00000000000018
41,Pizza,flat,dry,medium,1,100000,0.054867657500948595,0.00042737313395799925,36.0,6.5792757995402225,100.00000000000021
42,RandomWalk,flat,dry,medium,1,100000,0.0005470895584194341,5.1790071769491344e-17,0.0,1.5241173134832522,99.99999999999986
42,Greedy,flat,dry,medium,1,100000,0.0,0.0,0.0,1.3247156788256853,99.99999999999991
42,Spiral,flat,dry,medium,1,100000,0.03263153710136205,0.00018071966073914542,30.0,6.628025336402899,100.00000000000007
42,Concentric,flat,dry,medium,1,100000,0.0316340542995381,0.00016883222637846873,28.999999999999996,6.582219955700159,100.00000000000007
42,Pizza,flat,dry,medium,1,100000,0.035421138696741655,0.00012633274142709972,36.0,6.579275799539146,99.99999999999997
43,RandomWalk,flat,dry,medium,1,100000,0.014830081989970411,0.0003300247060387368,3.0,1.5257174202575152,100.00000000000018
43,Greedy,flat,dry,medium,1,100000,0.051016864141469595,0.0034514836255081093,12.0,3.42552339690435,99.99999999999973
43,Spiral,flat,dry,medium,1,100000,0.06109991009124411,0.0003601529056154734,25.0,6.62802533640293,100.00000000000028
43,Concentric,flat,dry,medium,1,100000,0.05956082709305862,0.0003770540068765161,20.0,6.582219955700196,99.99999999999982
43,Pizza,flat,dry,medium,1,100000,0.06027898948259116,0.0003295120705644415,26.0,6.579275799540214,99.99999999999983
44,RandomWalk,flat,dry,medium,1,100000,0.019888241339577305,0.00020350849866632699,5.0,1.5816493293496368,99.99999999999999
44,Greedy,flat,dry,medium,1,100000,0.11501178051375864,0.004420968009007332,34.0,3.414020449932833,99.99999999999989
44,Spiral,flat,dry,medium,1,100000,0.08432090714859211,8.571570199748866e-05,25.0,6.628025336402793,100.00000000000016
44,Concentric,flat,dry,medium,1,100000,0.08646529175330273,0.0001395501405531867,27.0,6.582219955700128,100.00000000000007
44,Pizza,flat,dry,medium,1,100000,0.08144323349591152,0.00012029853225203908,25.0,6.5792757995393165,100.00000000000006
45,RandomWalk,flat,dry,medium,1,100000,0.021962206197494293,0.0012594723665650361,11.0,1.3512213988946156,100.00000000000011
45,Greedy,flat,dry,medium,1,100000,0.08623432554194925,0.0035687721936573536,28.000000000000004,4.641479769068202,100.00000000000003
45,Spiral,flat,dry,medium,1,100000,0.0963242174824656,0.0007861683128320666,33.0,6.628025336402899,100.00000000000006
45,Concentric,flat,dry,medium,1,100000,0.09470953623901515,0.0007598540936977424,33.0,6.582219955700168,100.0000000000001
45,Pizza,flat,dry,medium,1,100000,0.09563889334733419,0.0007840263320151108,33.0,6.579275799539135,99.99999999999997
46,RandomWalk,mountainous,dry,medium,1,100000,0.014007292619865832,0.00011570069487738856,8.0,1.5934186627014764,100.0
46,Greedy,mountainous,dry,medium,1,100000,0.0495298829884902,0.0030257522456833105,23.0,3.677910879401759,99.99999999999999
46,Spiral,mountainous,dry,medium,1,100000,0.049242012030739774,9.996547120045757e-05,20.0,6.628116102360148,99.9999999999999
46,Concentric,mountainous,dry,medium,1,100000,0.049680169792221715,0.00012375159162971466,20.0,6.582219955700128,100.00000000000007
46,Pizza,mountainous,dry,medium,1,100000,0.049935537262803795,9.778416370316021e-05,21.0,6.5792757995393165,100.00000000000006
47,RandomWalk,mountainous,dry,medium,1,100000,0.01355916070828742,0.0009989358896544372,5.0,1.559599764780629,100.00000000000028
47,Greedy,mountainous,dry,medium,1,100000,0.06589133435226606,0.0018958530337242656,19.0,6.440278539683901,99.99999999999986
47,Spiral,mountainous,dry,medium,1,100000,0.057246029752935954,0.00037609118799547824,30.0,6.628116102360161,99.99999999999974
47,Concentric,mountainous,dry,medium,1,100000,0.056544746216610896,0.00037843956211474126,31.0,6.582219955700262,100.00000000000018
47,Pizza,mountainous,dry,medium,1,100000,0.05667324748506811,0.0003688962721102844,28.999999999999996,6.5792757995402225,100.00000000000021
48,RandomWalk,mountainous,dry,medium,1,100000,0.011344567414851433,0.0005750632692735945,5.0,1.7167497206165618,99.99999999999997
48,Greedy,mountainous,dry,medium,1,100000,0.05604066617768285,0.002049497540977749,34.0,3.736448410228931,100.00000000000003
48,Spiral,mountainous,dry,medium,1,100000,0.011954239736744298,0.00010697344877297442,4.0,6.628116102360252,100.00000000000026
48,Concentric,mountainous,dry,medium,1,100000,0.012666088239348658,6.350520332289796e-05,4.0,6.582219955700215,100.00000000000021
48,Pizza,mountainous,dry,medium,1,100000,0.01212376715816761,9.095508086831173e-05,4.0,6.579275799540142,99.9999999999998
49,RandomWalk,mountainous,dry,medium,1,100000,0.005676726709130463,1.4707119689836825e-17,3.0,1.436297001925773,99.9999999999999
49,Greedy,mountainous,dry,medium,1,100000,0.01208969109145664,2.612971397592329e-41,16.0,1.5960494693748528,100.00000000000004
49,Spiral,mountainous,dry,medium,1,100000,0.02585104796861808,7.382968661642722e-11,14.000000000000002,6.628116102360148,99.9999999999999
49,Concentric,mountainous,dry,medium,1,100000,0.02541760169728009,3.218648153377531e-11,13.0,6.58221995570013,100.00000000000004
49,Pizza,mountainous,dry,medium,1,100000,0.025049225785617073,3.3313374557151995e-11,13.0,6.579275799539309,100.00000000000007
50,RandomWalk,mountainous,dry,medium,1,100000,0.01568110349497034,0.0008231517380253369,5.0,1.1805230927892554,99.99999999999997
50,Greedy,mountainous,dry,medium,1,100000,0.04117428450469265,0.005143118493764687,18.0,3.3347547833420625,99.99999999999994
50,Spiral,mountainous,dry,medium,1,100000,0.06437840884025389,0.0007992365676731008,28.999999999999996,6.628116102360247,100.00000000000031
50,Concentric,mountainous,dry,medium,1,100000,0.06294637826839065,0.0008300710241809427,25.0,6.582219955700203,100.00000000000021
50,Pizza,mountainous,dry,medium,1,100000,0.06476694077009519,0.0008283151121898223,28.999999999999996,6.579275799540184,99.9999999999998
51,RandomWalk,mountainous,dry,medium,1,100000,0.019695800650975318,0.000780471255399646,5.0,1.7645176515342322,99.99999999999976
51,Greedy,mountainous,dry,medium,1,100000,0.06831254737291073,0.002775614511270279,18.0,6.054615328457303,99.99999999999955
51,Spiral,mountainous,dry,medium,1,100000,0.05902067049606133,0.00046838578655514007,22.0,6.628116102360158,99.99999999999973
51,Concentric,mountainous,dry,medium,1,100000,0.05868116088063881,0.00047451357026343546,21.0,6.582219955700264,100.00000000000017
51,Pizza,mountainous,dry,medium,1,100000,0.05778541741069495,0.0004566932424891266,22.0,6.5792757995402225,100.0000000000002
52,RandomWalk,mountainous,dry,medium,1,100000,0.01980395389758396,0.0008117980861241657,7.000000000000001,1.5842576044794723,100.00000000000001
52,Greedy,mountainous,dry,medium,1,100000,0.07670559533380553,0.0035869003927926106,34.0,5.085995846675526,100.00000000000003
52,Spiral,mountainous,dry,medium,1,100000,0.07431491146653735,0.0007174063957730786,37.0,6.628116102360156,99.99999999999976
52,Concentric,mountainous,dry,medium,1,100000,0.07343787777510247,0.0007670890108180922,35.0,6.582219955700275,100.00000000000017
52,Pizza,mountainous,dry,medium,1,100000,0.07355724786728998,0.000714418799910133,38.0,6.579275799540185,100.00000000000021
53,RandomWalk,mountainous,dry,medium,1,100000,0.008741918071376005,4.141222060259596e-05,8.0,1.5335732837253382,100.00000000000036
53,Greedy,mountainous,dry,medium,1,100000,0.005615903103154219,4.8246313383388975e-26,9.0,1.9823655377305847,99.99999999999999
53,Spiral,mountainous,dry,medium,1,100000,0.013365860688059393,6.42823601651548e-17,17.0,6.628116102360156,99.99999999999976
53,Concentric,mountainous,dry,medium,1,100000,0.012420127119907141,1.7084438772566827e-17,16.0,6.582219955700275,100.00000000000017
53,Pizza,mountainous,dry,medium,1,100000,0.012460776638537507,6.879768327254413e-17,16.0,6.579275799540185,100.00000000000021
54,RandomWalk,mountainous,dry,medium,1,100000,0.012597868171720645,0.0006512185745733011,7.000000000000001,1.7753660035584005,100.00000000000031
54,Greedy,mountainous,dry,medium,1,100000,0.0700398581858295,0.00254332230428336,15.0,6.329957071362448,99.99999999999964
54,Spiral,mountainous,dry,medium,1,100000,0.06105019065512045,0.00029764640312072467,19.0,6.628116102360249,100.00000000000024
54,Concentric,mountainous,dry,medium,1,100000,0.06010077610769017,0.0003070003881738293,20.0,6.582219955700207,99.99999999999982
54,Pizza,mountainous,dry,medium,1,100000,0.06036727913087903,0.00030483450302265546,19.0,6.57927579954017,99.99999999999983
55,RandomWalk,mountainous,dry,medium,1,100000,0.005487785224573821,1.1777507987396228e-07,6.0,1.4658994559525362,99.99999999999993
55,Greedy,mountainous,dry,medium,1,100000,0.03465040755250961,0.0010999408260040627,28.000000000000004,3.0802228403205545,99.99999999999986
55,Spiral,mountainous,dry,medium,1,100000,0.02049410659621738,2.777225738968273e-07,20.0,6.628116102360158,99.99999999999973
55,Concentric,mountainous,dry,medium,1,100000,0.020404838139412358,2.0509911575215668e-07,20.0,6.582219955700264,100.00000000000017
55,Pizza,mountainous,dry,medium,1,100000,0.020808184550434133,4.407448089895037e-07,20.0,6.5792757995402225,100.0000000000002
56,RandomWalk,mountainous,dry,medium,1,100000,0.00937467662288879,0.0010218754787513584,2.0,1.5415103696004944,100.00000000000004
56,Greedy,mountainous,dry,medium,1,100000,0.054939303967046826,0.005231971659855432,18.0,3.4049751149935084,99.99999999999969
56,Spiral,mountainous,dry,medium,1,100000,0.061109733617266765,0.0005321602979251509,21.0,6.628116102360244,100.00000000000031
56,Concentric,mountainous,dry,medium,1,100000,0.06017175182085609,0.0006071975963046664,19.0,6.582219955700196,99.99999999999982
56,Pizza,mountainous,dry,medium,1,100000,0.06020039065544428,0.0005636690812697085,19.0,6.579275799540214,99.99999999999983
57,RandomWalk,mountainous,dry,medium,1,100000,0.02503346931532226,0.0005185531726210663,11.0,1.7371322126567632,100.00000000000001
57,Greedy,mountainous,dry,medium,1,100000,0.1100810704730185,0.005518054851400239,42.0,4.912307191380083,100.00000000000003
57,Spiral,mountainous,dry,medium,1,100000,0.08865652912519402,0.00045737195841220044,37.0,6.628116102360148,99.9999999999999
57,Concentric,mountainous,dry,medium,1,100000,0.08841222465463444,0.00039628725342198934,37.0,6.582219955700128,100.00000000000007
57,Pizza,mountainous,dry,medium,1,100000,0.08739324242118578,0.0004122210221782515,37.0,6.5792757995393165,100.00000000000006
58,RandomWalk,mountainous,dry,medium,1,100000,0.011013281240111838,0.0006152457521847597,8.0,1.530509888601706,99.99999999999997
58,Greedy,mountainous,dry,medium,1,100000,0.05124104904509301,0.0020338205277482587,33.0,5.537939643177927,100.00000000000031
58,Spiral,mountainous,dry,medium,1,100000,0.047267919949605434,0.0003689543986849223,28.000000000000004,6.628116102360159,99.99999999999976
58,Concentric,mountainous,dry,medium,1,100000,0.047384974440730906,0.00037497337733859154,28.000000000000004,6.582219955700273,100.00000000000018
58,Pizza,mountainous,dry,medium,1,100000,0.047241151545701875,0.0003645061342546837,28.999999999999996,6.579275799540184,100.00000000000018
59,RandomWalk,mountainous,dry,medium,1,100000,0.010149526421050917,0.0006322944462426298,11.0,1.5238206327340955,99.99999999999986
59,Greedy,mountainous,dry,medium,1,100000,0.059852131021173274,0.0027362016850429015,26.0,4.900578730593576,100.00000000000003
59,Spiral,mountainous,dry,medium,1,100000,0.04679967116785589,0.00031102302433464975,19.0,6.628116102360118,99.9999999999999
59,Concentric,mountainous,dry,medium,1,100000,0.04795791724350782,0.0003240644857826829,18.0,6.5822199557001255,100.00000000000007
59,Pizza,mountainous,dry,medium,1,100000,0.04703105891428362,0.00032838488195259123,20.0,6.5792757995393245,100.00000000000006
Dataset,Algorithm,Environment Type,Climate,Environment Size,n_agents,Budget (m),Likelihood Score,Time-Discounted Score,Victims Found (%),Area Covered (km²),Total Path Length (km)
1,RandomWalk,flat,temperate,medium,1,100000,0.05513760728741731,0.006492056935099545,17.0,1.1434794515382452,99.99999999999953
1,Greedy,flat,temperate,medium,1,100000,0.2093140051642844,0.012919254143230193,52.0,5.249584589052138,99.99999999999986
1,Spiral,flat,temperate,medium,1,100000,0.20317420338854836,0.008154359671711083,60.0,6.6278468502179,99.99999999999993
1,Concentric,flat,temperate,medium,1,100000,0.20440390931545602,0.008375738218246172,56.00000000000001,6.582151568641289,100.00000000000017
1,Pizza,flat,temperate,medium,1,100000,0.20224298189498383,0.008084932740792522,59.0,6.579179374357452,100.00000000000021
